o1,orig,mpicc,nas,bt,1,16,1,96.858,1.348,0.299,0
o1,orig,mpicc,nas,bt,1,16,2,96.732,1.368,0.277,0
o1,orig,mpicc,nas,bt,1,16,3,96.934,1.382,0.253,0
o1,orig,mpicc,nas,cg,1,16,1,22.653,1.361,0.285,0
o1,orig,mpicc,nas,cg,1,16,2,23.376,1.362,0.299,0
o1,orig,mpicc,nas,cg,1,16,3,23.606,1.336,0.313,0
o1,orig,mpicc,nas,ep,1,16,1,15.096,1.357,0.276,0
o1,orig,mpicc,nas,ep,1,16,2,15.299,1.36,0.275,0
o1,orig,mpicc,nas,ep,1,16,3,15.225,1.361,0.278,0
o1,orig,mpicc,nas,ft,1,16,1,28.494,1.362,0.289,0
o1,orig,mpicc,nas,ft,1,16,2,28.154,1.363,0.284,0
o1,orig,mpicc,nas,ft,1,16,3,28.374,1.353,0.299,0
o1,orig,mpicc,nas,is,1,16,1,9.797,1.34,0.271,0
o1,orig,mpicc,nas,is,1,16,2,9.785,1.325,0.277,0
o1,orig,mpicc,nas,is,1,16,3,9.258,1.327,0.285,0
o1,orig,mpicc,nas,lu,1,16,1,66.259,1.364,0.28,0
o1,orig,mpicc,nas,lu,1,16,2,66.472,1.364,0.277,0
o1,orig,mpicc,nas,lu,1,16,3,65.876,1.352,0.298,0
o1,orig,mpicc,nas,mg,1,16,1,13.376,1.367,0.269,0
o1,orig,mpicc,nas,mg,1,16,2,14.468,1.354,0.291,0
o1,orig,mpicc,nas,mg,1,16,3,13.817,1.383,0.261,0
o1,orig,mpicc,nas,sp,1,16,1,116.165,1.348,0.295,0
o1,orig,mpicc,nas,sp,1,16,2,115.648,1.358,0.296,0
o1,orig,mpicc,nas,sp,1,16,3,115.447,1.36,0.276,0
o1,orig,mpicc,nas,bt,4,64,1,28.948,1.524,0.36,0
o1,orig,mpicc,nas,bt,4,64,2,29.222,1.548,0.332,0
o1,orig,mpicc,nas,bt,4,64,3,29.794,1.566,0.309,0
o1,orig,mpicc,nas,cg,4,64,1,14.35,1.562,0.312,0
o1,orig,mpicc,nas,cg,4,64,2,14.224,1.554,0.322,0
o1,orig,mpicc,nas,cg,4,64,3,14.181,1.533,0.359,0
o1,orig,mpicc,nas,ep,4,64,1,15.976,1.551,0.324,0
o1,orig,mpicc,nas,ep,4,64,2,11.817,1.548,0.323,0
o1,orig,mpicc,nas,ep,4,64,3,11.112,1.527,0.34,0
o1,orig,mpicc,nas,ft,4,64,1,16.554,1.554,0.33,0
o1,orig,mpicc,nas,ft,4,64,2,16.649,1.569,0.312,0
o1,orig,mpicc,nas,ft,4,64,3,16.638,1.557,0.329,0
o1,orig,mpicc,nas,is,4,64,1,10.571,1.522,0.322,0
o1,orig,mpicc,nas,is,4,64,2,10.525,1.503,0.349,0
o1,orig,mpicc,nas,is,4,64,3,10.613,1.5,0.354,0
o1,orig,mpicc,nas,lu,4,64,1,25.828,1.537,0.338,0
o1,orig,mpicc,nas,lu,4,64,2,25.49,1.545,0.342,0
o1,orig,mpicc,nas,lu,4,64,3,26.208,1.566,0.312,0
o1,orig,mpicc,nas,mg,4,64,1,11.025,1.557,0.314,0
o1,orig,mpicc,nas,mg,4,64,2,11.117,1.545,0.324,0
o1,orig,mpicc,nas,mg,4,64,3,11.297,1.546,0.329,0
o1,orig,mpicc,nas,sp,4,64,1,34.86,1.543,0.346,0
o1,orig,mpicc,nas,sp,4,64,2,28.312,1.535,0.35,0
o1,orig,mpicc,nas,sp,4,64,3,28.263,1.553,0.339,0
o1,orig,mpicc,nas,bt,16,256,1,18.842,2.336,0.516,0
o1,orig,mpicc,nas,bt,16,256,2,14.901,2.307,0.465,0
o1,orig,mpicc,nas,bt,16,256,3,20.4,2.309,0.497,0
o1,orig,mpicc,nas,cg,16,256,1,10.686,2.255,0.564,0
o1,orig,mpicc,nas,cg,16,256,2,11.224,2.33,0.497,0
o1,orig,mpicc,nas,cg,16,256,3,14.614,2.32,0.457,0
o1,orig,mpicc,nas,ep,16,256,1,13.29,2.327,0.469,0
o1,orig,mpicc,nas,ep,16,256,2,9.876,2.337,0.48,0
o1,orig,mpicc,nas,ep,16,256,3,15.178,2.305,0.536,0
o1,orig,mpicc,nas,ft,16,256,1,12.622,2.335,0.482,0
o1,orig,mpicc,nas,ft,16,256,2,18.112,2.277,0.548,0
o1,orig,mpicc,nas,ft,16,256,3,13.395,2.325,0.519,0
o1,orig,mpicc,nas,is,16,256,1,10.674,2.302,0.501,0
o1,orig,mpicc,nas,is,16,256,2,10.519,2.294,0.527,0
o1,orig,mpicc,nas,is,16,256,3,10.893,2.292,0.506,0
o1,orig,mpicc,nas,lu,16,256,1,13.428,2.305,0.507,0
o1,orig,mpicc,nas,lu,16,256,2,23.304,2.292,0.546,0
o1,orig,mpicc,nas,lu,16,256,3,16.716,2.289,0.501,0
o1,orig,mpicc,nas,mg,16,256,1,15.34,2.334,0.464,0
o1,orig,mpicc,nas,mg,16,256,2,9.687,2.285,0.553,0
o1,orig,mpicc,nas,mg,16,256,3,10.244,2.313,0.519,0
o1,orig,mpicc,nas,sp,16,256,1,14.468,2.34,0.477,0
o1,orig,mpicc,nas,sp,16,256,2,15.034,2.298,0.529,0
o1,orig,mpicc,nas,sp,16,256,3,14.159,2.327,0.531,0
o1,orig,mpicc,nas,bt,64,1024,1,13.311,5.314,1.261,0
o1,orig,mpicc,nas,bt,64,1024,2,20.663,5.295,1.272,0
o1,orig,mpicc,nas,bt,64,1024,3,12.41,5.322,1.246,0
o1,orig,mpicc,nas,cg,64,1024,1,11.689,5.304,1.247,0
o1,orig,mpicc,nas,cg,64,1024,2,19.086,5.381,1.187,0
o1,orig,mpicc,nas,cg,64,1024,3,17.507,5.305,1.273,0
o1,orig,mpicc,nas,ep,64,1024,1,14.302,5.289,1.259,0
o1,orig,mpicc,nas,ep,64,1024,2,11.977,5.325,1.246,0
o1,orig,mpicc,nas,ep,64,1024,3,15.846,5.377,1.169,0
o1,orig,mpicc,nas,ft,64,1024,1,18.678,5.343,1.237,0
o1,orig,mpicc,nas,ft,64,1024,2,19.399,5.394,1.244,0
o1,orig,mpicc,nas,ft,64,1024,3,21.304,5.318,1.254,0
o1,orig,mpicc,nas,is,64,1024,1,20.598,5.265,1.321,0
o1,orig,mpicc,nas,is,64,1024,2,20.024,5.312,1.289,0
o1,orig,mpicc,nas,is,64,1024,3,15.245,5.322,1.197,0
o1,orig,mpicc,nas,lu,64,1024,1,11.984,5.355,1.257,0
o1,orig,mpicc,nas,lu,64,1024,2,19.771,5.388,1.191,0
o1,orig,mpicc,nas,lu,64,1024,3,19.217,5.368,1.195,0
o1,orig,mpicc,nas,mg,64,1024,1,13.49,5.375,1.214,0
o1,orig,mpicc,nas,mg,64,1024,2,15.905,5.427,1.192,0
o1,orig,mpicc,nas,mg,64,1024,3,17.625,5.342,1.24,0
o1,orig,mpicc,nas,sp,64,1024,1,14.342,5.364,1.226,0
o1,orig,mpicc,nas,sp,64,1024,2,17.443,5.371,1.198,0
o1,orig,mpicc,nas,sp,64,1024,3,18.363,5.36,1.209,0
o1,pinMain,mpicc,nas,bt,1,16,1,157.756,0.923,0.189,2250.199219
o1,pinMain,mpicc,nas,bt,1,16,2,158.943,0.361,0.173,2250.191406
o1,pinMain,mpicc,nas,bt,1,16,3,155.865,0.369,0.171,2250.183594
o1,pinMain,mpicc,nas,cg,1,16,1,29.943,0.935,0.184,226.2636719
o1,pinMain,mpicc,nas,cg,1,16,2,28.786,0.364,0.176,240.3222656
o1,pinMain,mpicc,nas,cg,1,16,3,31.399,0.35,0.197,240.3095703
o1,pinMain,mpicc,nas,ep,1,16,1,46.514,0.907,0.207,1669.381836
o1,pinMain,mpicc,nas,ep,1,16,2,44.058,0.367,0.155,1669.383789
o1,pinMain,mpicc,nas,ep,1,16,3,49.792,0.363,0.174,1669.382813
o1,pinMain,mpicc,nas,ft,1,16,1,48.229,0.919,0.193,717.9609375
o1,pinMain,mpicc,nas,ft,1,16,2,46.177,0.377,0.16,717.9589844
o1,pinMain,mpicc,nas,ft,1,16,3,48.065,0.383,0.161,717.9599609
o1,pinMain,mpicc,nas,is,1,16,1,12.5,0.914,0.185,38.63769531
o1,pinMain,mpicc,nas,is,1,16,2,10.043,0.348,0.172,38.63867188
o1,pinMain,mpicc,nas,is,1,16,3,11.287,0.366,0.162,38.61621094
o1,pinMain,mpicc,nas,lu,1,16,1,78.901,0.905,0.205,1132.707031
o1,pinMain,mpicc,nas,lu,1,16,2,79.644,0.361,0.169,1396.306641
o1,pinMain,mpicc,nas,lu,1,16,3,78.12,0.366,0.166,1059.969727
o1,pinMain,mpicc,nas,mg,1,16,1,17.956,0.919,0.196,492.5019531
o1,pinMain,mpicc,nas,mg,1,16,2,17.502,0.367,0.166,513.9052734
o1,pinMain,mpicc,nas,mg,1,16,3,17.082,0.361,0.169,521.5107422
o1,pinMain,mpicc,nas,sp,1,16,1,140.143,0.907,0.209,1267.007813
o1,pinMain,mpicc,nas,sp,1,16,2,130.366,0.355,0.187,1253.310547
o1,pinMain,mpicc,nas,sp,1,16,3,122.368,0.364,0.17,1249.293945
o1,pinMain,mpicc,nas,bt,4,64,1,54.969,1.095,0.255,17260.16699
o1,pinMain,mpicc,nas,bt,4,64,2,48.762,0.553,0.219,16772.89844
o1,pinMain,mpicc,nas,bt,4,64,3,54.4,0.559,0.214,16911.05273
o1,pinMain,mpicc,nas,cg,4,64,1,25.441,1.104,0.247,17678.22754
o1,pinMain,mpicc,nas,cg,4,64,2,18.699,0.554,0.2,17222.45996
o1,pinMain,mpicc,nas,cg,4,64,3,33.474,0.566,0.217,17156.36133
o1,pinMain,mpicc,nas,ep,4,64,1,21.799,1.111,0.229,2122.324219
o1,pinMain,mpicc,nas,ep,4,64,2,20.873,0.574,0.185,2125.417969
o1,pinMain,mpicc,nas,ep,4,64,3,20.397,0.55,0.213,2124.920898
o1,pinMain,mpicc,nas,ft,4,64,1,24.526,1.125,0.223,2829.9375
o1,pinMain,mpicc,nas,ft,4,64,2,25.573,0.551,0.217,2833.868164
o1,pinMain,mpicc,nas,ft,4,64,3,23.491,0.542,0.218,2848.93457
o1,pinMain,mpicc,nas,is,4,64,1,13.478,1.096,0.252,982.6259766
o1,pinMain,mpicc,nas,is,4,64,2,12.928,0.55,0.206,981.8769531
o1,pinMain,mpicc,nas,is,4,64,3,13.989,1.085,0.253,980.9326172
o1,pinMain,mpicc,nas,lu,4,64,1,33.603,1.089,0.255,45550.19629
o1,pinMain,mpicc,nas,lu,4,64,2,33.054,0.572,0.193,44921.88965
o1,pinMain,mpicc,nas,lu,4,64,3,31.46,0.575,0.201,45260.05664
o1,pinMain,mpicc,nas,mg,4,64,1,15.675,1.085,0.258,4898.363281
o1,pinMain,mpicc,nas,mg,4,64,2,18.466,0.579,0.18,4852.945313
o1,pinMain,mpicc,nas,mg,4,64,3,14.181,0.56,0.206,4877.80957
o1,pinMain,mpicc,nas,sp,4,64,1,36.179,1.116,0.244,27768.35352
o1,pinMain,mpicc,nas,sp,4,64,2,39.144,0.557,0.207,27421.36523
o1,pinMain,mpicc,nas,sp,4,64,3,35.385,0.579,0.196,27391.88184
o1,pinMain,mpicc,nas,bt,16,256,1,26.036,1.867,0.438,73968.7793
o1,pinMain,mpicc,nas,bt,16,256,2,99.115,1.303,0.368,85383.06641
o1,pinMain,mpicc,nas,bt,16,256,3,39.727,1.329,0.414,74578.3125
o1,pinMain,mpicc,nas,cg,16,256,1,18.958,1.888,0.44,90088.93359
o1,pinMain,mpicc,nas,cg,16,256,2,23.242,1.317,0.394,90289.26953
o1,pinMain,mpicc,nas,cg,16,256,3,26.284,1.29,0.429,90399.8291
o1,pinMain,mpicc,nas,ep,16,256,1,15.758,1.862,0.43,4001.546875
o1,pinMain,mpicc,nas,ep,16,256,2,18.295,1.342,0.372,4000.795898
o1,pinMain,mpicc,nas,ep,16,256,3,80.922,1.32,0.422,4497.55957
o1,pinMain,mpicc,nas,ft,16,256,1,20.6,1.862,0.418,27494.35645
o1,pinMain,mpicc,nas,ft,16,256,2,44.495,1.333,0.41,27785.15332
o1,pinMain,mpicc,nas,ft,16,256,3,22.626,1.865,0.471,27039.98535
o1,pinMain,mpicc,nas,is,16,256,1,14.686,1.879,0.459,6861.253906
o1,pinMain,mpicc,nas,is,16,256,2,17.309,1.299,0.427,6758.208008
o1,pinMain,mpicc,nas,is,16,256,3,12.996,1.328,0.333,6802.324219
o1,pinMain,mpicc,nas,lu,16,256,1,23.7,1.823,0.476,181514.9072
o1,pinMain,mpicc,nas,lu,16,256,2,31.301,1.33,0.371,177120.9561
o1,pinMain,mpicc,nas,lu,16,256,3,22.21,1.332,0.391,177433.2949
o1,pinMain,mpicc,nas,mg,16,256,1,15.271,1.872,0.401,19273.79883
o1,pinMain,mpicc,nas,mg,16,256,2,63.127,1.323,0.415,18344.28613
o1,pinMain,mpicc,nas,mg,16,256,3,14.485,1.304,0.388,18019.19238
o1,pinMain,mpicc,nas,sp,16,256,1,41.486,1.856,0.427,135007.2988
o1,pinMain,mpicc,nas,sp,16,256,2,27.627,1.313,0.451,122706.1475
o1,pinMain,mpicc,nas,sp,16,256,3,19.236,1.333,0.396,121987.3936
o1,pinMain,mpicc,nas,bt,64,1024,1,28.486,4.943,1.144,365957.1104
o1,pinMain,mpicc,nas,bt,64,1024,2,24.131,4.933,1.155,364501.5537
o1,pinMain,mpicc,nas,bt,64,1024,3,24.704,4.961,1.114,368949.2959
o1,pinMain,mpicc,nas,cg,64,1024,1,72.163,4.357,1.185,466770.4141
o1,pinMain,mpicc,nas,cg,64,1024,2,213.026,4.383,1.239,525609.627
o1,pinMain,mpicc,nas,cg,64,1024,3,24.551,4.963,1.093,449685.1436
o1,pinMain,mpicc,nas,ep,64,1024,1,16.146,4.935,1.113,11764.80078
o1,pinMain,mpicc,nas,ep,64,1024,2,18.168,4.454,1.121,11728.82422
o1,pinMain,mpicc,nas,ep,64,1024,3,17.335,4.402,1.084,11728.90137
o1,pinMain,mpicc,nas,ft,64,1024,1,21.063,4.917,1.149,106628.5459
o1,pinMain,mpicc,nas,ft,64,1024,2,377.149,4.404,1.033,272238.7529
o1,pinMain,mpicc,nas,ft,64,1024,3,102.433,4.94,1.165,126741.3896
o1,pinMain,mpicc,nas,is,64,1024,1,290.438,4.909,1.176,159925.0342
o1,pinMain,mpicc,nas,is,64,1024,2,359.238,4.385,1.006,162367.4531
o1,pinMain,mpicc,nas,is,64,1024,3,378.786,4.964,1.127,165382.8906
o1,pinMain,mpicc,nas,lu,64,1024,1,31.614,4.859,1.218,746211.3096
o1,pinMain,mpicc,nas,lu,64,1024,2,96.949,4.405,1.166,739018.0664
o1,pinMain,mpicc,nas,lu,64,1024,3,30.851,4.405,1.079,732648.2969
o1,pinMain,mpicc,nas,mg,64,1024,1,16.189,4.901,1.175,66741.40918
o1,pinMain,mpicc,nas,mg,64,1024,2,155.228,4.405,1.053,137959.1318
o1,pinMain,mpicc,nas,mg,64,1024,3,17.095,4.973,1.16,68807.06836
o1,pinMain,mpicc,nas,sp,64,1024,1,26.17,4.927,1.158,398764.3242
o1,pinMain,mpicc,nas,sp,64,1024,2,32.227,4.374,1.163,370701.9561
o1,pinMain,mpicc,nas,sp,64,1024,3,26.438,4.925,1.175,377238.5938
o1,pinAll,mpicc,nas,bt,1,16,1,144.005,0.368,0.173,25252.9707
o1,pinAll,mpicc,nas,bt,1,16,2,144.418,0.357,0.179,25269.8418
o1,pinAll,mpicc,nas,bt,1,16,3,143.69,0.356,0.182,25273.4209
o1,pinAll,mpicc,nas,cg,1,16,1,30.744,0.376,0.163,17349.84863
o1,pinAll,mpicc,nas,cg,1,16,2,30.696,0.368,0.172,17337.69434
o1,pinAll,mpicc,nas,cg,1,16,3,30.569,0.365,0.176,17314.84668
o1,pinAll,mpicc,nas,ep,1,16,1,47.298,0.366,0.163,11668.36426
o1,pinAll,mpicc,nas,ep,1,16,2,47.659,0.377,0.157,11658.68945
o1,pinAll,mpicc,nas,ep,1,16,3,48.706,0.373,0.151,11662.44727
o1,pinAll,mpicc,nas,ft,1,16,1,48.582,0.351,0.19,11368.63672
o1,pinAll,mpicc,nas,ft,1,16,2,48.599,0.378,0.158,11363.37695
o1,pinAll,mpicc,nas,ft,1,16,3,48.629,0.361,0.184,11371.12109
o1,pinAll,mpicc,nas,is,1,16,1,13.251,0.37,0.152,9974.362305
o1,pinAll,mpicc,nas,is,1,16,2,13.745,0.352,0.176,9963.869141
o1,pinAll,mpicc,nas,is,1,16,3,14.835,0.375,0.151,9960.491211
o1,pinAll,mpicc,nas,lu,1,16,1,79.643,0.378,0.158,28154.77148
o1,pinAll,mpicc,nas,lu,1,16,2,81.083,0.375,0.164,27903.89648
o1,pinAll,mpicc,nas,lu,1,16,3,81.192,0.363,0.178,27368.74902
o1,pinAll,mpicc,nas,mg,1,16,1,18.549,0.38,0.144,12315.08691
o1,pinAll,mpicc,nas,mg,1,16,2,19.704,0.373,0.162,12333.05859
o1,pinAll,mpicc,nas,mg,1,16,3,19.842,0.355,0.178,12327.10742
o1,pinAll,mpicc,nas,sp,1,16,1,123.029,0.356,0.165,25049.73145
o1,pinAll,mpicc,nas,sp,1,16,2,124.716,0.371,0.17,25339.34277
o1,pinAll,mpicc,nas,sp,1,16,3,124.706,0.359,0.184,25122.48828
o1,pinAll,mpicc,nas,bt,4,64,1,47.173,0.564,0.205,112460.8262
o1,pinAll,mpicc,nas,bt,4,64,2,49.069,0.567,0.197,113770.5703
o1,pinAll,mpicc,nas,bt,4,64,3,48.081,1.115,0.244,114572.5068
o1,pinAll,mpicc,nas,cg,4,64,1,22.597,0.563,0.222,90902.58398
o1,pinAll,mpicc,nas,cg,4,64,2,26.323,0.549,0.215,91009.77734
o1,pinAll,mpicc,nas,cg,4,64,3,22.813,0.556,0.223,90816.18848
o1,pinAll,mpicc,nas,ep,4,64,1,25.67,0.593,0.185,42464.66602
o1,pinAll,mpicc,nas,ep,4,64,2,24.429,0.551,0.215,42418.90918
o1,pinAll,mpicc,nas,ep,4,64,3,26.279,1.106,0.229,42473.00781
o1,pinAll,mpicc,nas,ft,4,64,1,25.89,0.551,0.219,56100.49707
o1,pinAll,mpicc,nas,ft,4,64,2,27.04,0.537,0.239,55987.74902
o1,pinAll,mpicc,nas,ft,4,64,3,27.029,0.555,0.224,55981.40039
o1,pinAll,mpicc,nas,is,4,64,1,15.951,0.553,0.218,45290.01074
o1,pinAll,mpicc,nas,is,4,64,2,16.705,0.558,0.21,45320.55371
o1,pinAll,mpicc,nas,is,4,64,3,16.461,0.566,0.206,45222.10547
o1,pinAll,mpicc,nas,lu,4,64,1,33.814,0.576,0.193,127397.6055
o1,pinAll,mpicc,nas,lu,4,64,2,35.075,0.565,0.208,127391.1133
o1,pinAll,mpicc,nas,lu,4,64,3,37.275,0.565,0.209,127489.2773
o1,pinAll,mpicc,nas,mg,4,64,1,15.356,0.581,0.184,53229.0791
o1,pinAll,mpicc,nas,mg,4,64,2,18.425,0.561,0.206,53221.40137
o1,pinAll,mpicc,nas,mg,4,64,3,20.189,0.576,0.205,53091.2168
o1,pinAll,mpicc,nas,sp,4,64,1,36.08,0.56,0.209,117871.4424
o1,pinAll,mpicc,nas,sp,4,64,2,39.797,0.566,0.202,118700.0527
o1,pinAll,mpicc,nas,sp,4,64,3,39.763,0.563,0.21,118954.0869
o1,pinAll,mpicc,nas,bt,16,256,1,27.545,1.324,0.39,401343.832
o1,pinAll,mpicc,nas,bt,16,256,2,44.111,1.294,0.438,455922.3496
o1,pinAll,mpicc,nas,bt,16,256,3,28.554,1.85,0.441,405274.835
o1,pinAll,mpicc,nas,cg,16,256,1,27.146,1.313,0.383,447352.4492
o1,pinAll,mpicc,nas,cg,16,256,2,24.355,1.335,0.34,451630
o1,pinAll,mpicc,nas,cg,16,256,3,23.381,1.863,0.449,445083.5996
o1,pinAll,mpicc,nas,ep,16,256,1,20.512,1.338,0.394,166203.5596
o1,pinAll,mpicc,nas,ep,16,256,2,19.759,1.333,0.429,166194.1797
o1,pinAll,mpicc,nas,ep,16,256,3,19.754,1.879,0.441,166242.251
o1,pinAll,mpicc,nas,ft,16,256,1,19.904,1.326,0.432,305558.75
o1,pinAll,mpicc,nas,ft,16,256,2,23.119,1.884,0.409,305338.0488
o1,pinAll,mpicc,nas,ft,16,256,3,22.599,1.903,0.354,306109.4033
o1,pinAll,mpicc,nas,is,16,256,1,18.737,1.373,0.35,200854.457
o1,pinAll,mpicc,nas,is,16,256,2,22.023,1.921,0.398,199034.001
o1,pinAll,mpicc,nas,is,16,256,3,26.422,1.925,0.44,200291.6572
o1,pinAll,mpicc,nas,lu,16,256,1,29.451,1.336,0.384,552412.9482
o1,pinAll,mpicc,nas,lu,16,256,2,29.303,1.349,0.344,550120.3604
o1,pinAll,mpicc,nas,lu,16,256,3,33.193,1.885,0.448,549223.167
o1,pinAll,mpicc,nas,mg,16,256,1,15.144,1.347,0.374,214844.334
o1,pinAll,mpicc,nas,mg,16,256,2,17.09,1.322,0.4,215737.6016
o1,pinAll,mpicc,nas,mg,16,256,3,17.24,1.876,0.453,215751.4951
o1,pinAll,mpicc,nas,sp,16,256,1,21.911,1.339,0.421,556861.2168
o1,pinAll,mpicc,nas,sp,16,256,2,21.675,1.324,0.415,554714.6357
o1,pinAll,mpicc,nas,sp,16,256,3,27.807,1.859,0.418,590123.9111
o1,pinAll,mpicc,nas,bt,64,1024,1,30.338,4.842,1.21,1717128.535
o1,pinAll,mpicc,nas,bt,64,1024,2,36.576,4.901,1.138,1724205.183
o1,pinAll,mpicc,nas,bt,64,1024,3,43.136,4.904,1.106,1663164.166
o1,pinAll,mpicc,nas,cg,64,1024,1,88.166,4.376,1.112,3178610.921
o1,pinAll,mpicc,nas,cg,64,1024,2,27.89,4.373,1.066,2424776.869
o1,pinAll,mpicc,nas,cg,64,1024,3,30.886,4.914,1.142,2430916.45
o1,pinAll,mpicc,nas,ep,64,1024,1,24.122,4.391,1.073,662423.0752
o1,pinAll,mpicc,nas,ep,64,1024,2,22.317,4.932,1.121,664629.1807
o1,pinAll,mpicc,nas,ep,64,1024,3,23.713,4.893,1.166,662617.0117
o1,pinAll,mpicc,nas,ft,64,1024,1,44.062,4.938,1.17,1099218.703
o1,pinAll,mpicc,nas,ft,64,1024,2,23.751,4.867,1.194,997242.7168
o1,pinAll,mpicc,nas,ft,64,1024,3,24.554,4.92,1.133,996355.6357
o1,pinAll,mpicc,nas,is,64,1024,1,114.068,5.013,1.082,1385626.304
o1,pinAll,mpicc,nas,is,64,1024,2,407.723,4.94,1.152,1701165.865
o1,pinAll,mpicc,nas,is,64,1024,3,229.208,4.935,1.146,1610238.593
o1,pinAll,mpicc,nas,lu,64,1024,1,30.316,4.397,0.942,2414166.917
o1,pinAll,mpicc,nas,lu,64,1024,2,32.903,4.375,0.929,2438376.198
o1,pinAll,mpicc,nas,lu,64,1024,3,30.725,4.397,0.9,2418608.856
o1,pinAll,mpicc,nas,mg,64,1024,1,17.584,4.41,1.106,835864.1113
o1,pinAll,mpicc,nas,mg,64,1024,2,12.093,4.293,0.963,579245.2754
o1,pinAll,mpicc,nas,mg,64,1024,3,12.617,4.207,0.995,586286.0645
o1,pinAll,mpicc,nas,sp,64,1024,1,87.977,4.396,1.281,2218575.117
o1,pinAll,mpicc,nas,sp,64,1024,2,12.61,4.301,0.916,589536.0645
o1,pinAll,mpicc,nas,sp,64,1024,3,13.808,4.283,0.896,587515.0645
o1,npinMain,mpicc,nas,bt,1,16,1,149.098,0.903,0.205,0
o1,npinMain,mpicc,nas,bt,1,16,2,149.189,0.907,0.205,0
o1,npinMain,mpicc,nas,bt,1,16,3,149.028,0.905,0.203,0
o1,npinMain,mpicc,nas,cg,1,16,1,28.252,0.917,0.204,0
o1,npinMain,mpicc,nas,cg,1,16,2,27.479,0.926,0.189,0
o1,npinMain,mpicc,nas,cg,1,16,3,28.382,0.918,0.204,0
o1,npinMain,mpicc,nas,ep,1,16,1,32.997,0.92,0.182,0
o1,npinMain,mpicc,nas,ep,1,16,2,33.137,0.896,0.201,0
o1,npinMain,mpicc,nas,ep,1,16,3,33.207,0.91,0.198,0
o1,npinMain,mpicc,nas,ft,1,16,1,34.794,0.91,0.208,0
o1,npinMain,mpicc,nas,ft,1,16,2,34.061,0.908,0.2,0
o1,npinMain,mpicc,nas,ft,1,16,3,34.449,0.912,0.197,0
o1,npinMain,mpicc,nas,is,1,16,1,12.121,0.909,0.197,0
o1,npinMain,mpicc,nas,is,1,16,2,12.559,0.905,0.198,0
o1,npinMain,mpicc,nas,is,1,16,3,12.992,0.896,0.21,0
o1,npinMain,mpicc,nas,lu,1,16,1,78.483,0.897,0.21,0
o1,npinMain,mpicc,nas,lu,1,16,2,91.78,0.912,0.2,0
o1,npinMain,mpicc,nas,lu,1,16,3,77.736,0.925,0.183,0
o1,npinMain,mpicc,nas,mg,1,16,1,17.352,0.914,0.194,0
o1,npinMain,mpicc,nas,mg,1,16,2,17.57,0.915,0.187,0
o1,npinMain,mpicc,nas,mg,1,16,3,17.405,0.92,0.193,0
o1,npinMain,mpicc,nas,sp,1,16,1,121.636,0.888,0.227,0
o1,npinMain,mpicc,nas,sp,1,16,2,122.43,0.921,0.19,0
o1,npinMain,mpicc,nas,sp,1,16,3,137.319,0.908,0.198,0
o1,npinMain,mpicc,nas,bt,4,64,1,50.8,1.099,0.225,0
o1,npinMain,mpicc,nas,bt,4,64,2,46.242,1.107,0.25,0
o1,npinMain,mpicc,nas,bt,4,64,3,65.597,1.09,0.223,0
o1,npinMain,mpicc,nas,cg,4,64,1,20.016,1.106,0.255,0
o1,npinMain,mpicc,nas,cg,4,64,2,19.501,1.094,0.275,0
o1,npinMain,mpicc,nas,cg,4,64,3,24.189,1.12,0.238,0
o1,npinMain,mpicc,nas,ep,4,64,1,19.226,1.121,0.223,0
o1,npinMain,mpicc,nas,ep,4,64,2,18.602,1.103,0.249,0
o1,npinMain,mpicc,nas,ep,4,64,3,19.214,1.1,0.243,0
o1,npinMain,mpicc,nas,ft,4,64,1,21.472,1.109,0.248,0
o1,npinMain,mpicc,nas,ft,4,64,2,23.005,1.111,0.229,0
o1,npinMain,mpicc,nas,ft,4,64,3,21.496,1.098,0.254,0
o1,npinMain,mpicc,nas,is,4,64,1,14.075,1.125,0.222,0
o1,npinMain,mpicc,nas,is,4,64,2,14.126,1.116,0.239,0
o1,npinMain,mpicc,nas,is,4,64,3,16.051,1.081,0.25,0
o1,npinMain,mpicc,nas,lu,4,64,1,33.537,1.117,0.228,0
o1,npinMain,mpicc,nas,lu,4,64,2,44.742,1.097,0.222,0
o1,npinMain,mpicc,nas,lu,4,64,3,32.936,1.107,0.239,0
o1,npinMain,mpicc,nas,mg,4,64,1,15.523,1.111,0.224,0
o1,npinMain,mpicc,nas,mg,4,64,2,15.306,1.096,0.243,0
o1,npinMain,mpicc,nas,mg,4,64,3,15.474,1.119,0.22,0
o1,npinMain,mpicc,nas,sp,4,64,1,35.511,1.095,0.253,0
o1,npinMain,mpicc,nas,sp,4,64,2,35.499,1.129,0.238,0
o1,npinMain,mpicc,nas,sp,4,64,3,35.241,1.109,0.245,0
o1,npinMain,mpicc,nas,bt,16,256,1,31.129,1.859,0.475,0
o1,npinMain,mpicc,nas,bt,16,256,2,24.792,1.872,0.441,0
o1,npinMain,mpicc,nas,bt,16,256,3,27.802,1.277,0.451,0
o1,npinMain,mpicc,nas,cg,16,256,1,18.428,1.865,0.425,0
o1,npinMain,mpicc,nas,cg,16,256,2,21.848,1.839,0.457,0
o1,npinMain,mpicc,nas,cg,16,256,3,20.393,1.928,0.377,0
o1,npinMain,mpicc,nas,ep,16,256,1,20.317,1.887,0.391,0
o1,npinMain,mpicc,nas,ep,16,256,2,15.527,1.871,0.455,0
o1,npinMain,mpicc,nas,ep,16,256,3,16.484,1.899,0.396,0
o1,npinMain,mpicc,nas,ft,16,256,1,24.213,1.905,0.438,0
o1,npinMain,mpicc,nas,ft,16,256,2,24.806,1.884,0.418,0
o1,npinMain,mpicc,nas,ft,16,256,3,22.747,1.9,0.428,0
o1,npinMain,mpicc,nas,is,16,256,1,18.074,1.912,0.41,0
o1,npinMain,mpicc,nas,is,16,256,2,14.448,1.342,0.34,0
o1,npinMain,mpicc,nas,is,16,256,3,22.432,1.307,0.409,0
o1,npinMain,mpicc,nas,lu,16,256,1,27.045,1.904,0.436,0
o1,npinMain,mpicc,nas,lu,16,256,2,27.708,1.875,0.408,0
o1,npinMain,mpicc,nas,lu,16,256,3,20.846,1.355,0.366,0
o1,npinMain,mpicc,nas,mg,16,256,1,16.892,1.879,0.446,0
o1,npinMain,mpicc,nas,mg,16,256,2,13.075,1.335,0.383,0
o1,npinMain,mpicc,nas,mg,16,256,3,14.183,1.303,0.402,0
o1,npinMain,mpicc,nas,sp,16,256,1,23.599,1.919,0.432,0
o1,npinMain,mpicc,nas,sp,16,256,2,20.156,1.883,0.398,0
o1,npinMain,mpicc,nas,sp,16,256,3,20.052,1.905,0.427,0
o1,npinMain,mpicc,nas,bt,64,1024,1,23.254,4.948,1.129,0
o1,npinMain,mpicc,nas,bt,64,1024,2,23.239,4.934,1.156,0
o1,npinMain,mpicc,nas,bt,64,1024,3,18.913,4.889,1.164,0
o1,npinMain,mpicc,nas,cg,64,1024,1,21.014,4.367,1.087,0
o1,npinMain,mpicc,nas,cg,64,1024,2,14.757,4.351,0.892,0
o1,npinMain,mpicc,nas,cg,64,1024,3,14.409,4.362,0.89,0
o1,npinMain,mpicc,nas,ep,64,1024,1,20.472,4.956,1.106,0
o1,npinMain,mpicc,nas,ep,64,1024,2,18.09,4.409,1.107,0
o1,npinMain,mpicc,nas,ep,64,1024,3,14.88,4.347,1.095,0
o1,npinMain,mpicc,nas,ft,64,1024,1,85.569,5.011,1.033,0
o1,npinMain,mpicc,nas,ft,64,1024,2,20.857,4.935,1.133,0
o1,npinMain,mpicc,nas,ft,64,1024,3,21.083,4.435,1.057,0
o1,npinMain,mpicc,nas,is,64,1024,1,94.623,4.407,1.086,0
o1,npinMain,mpicc,nas,is,64,1024,2,96.575,4.426,1.04,0
o1,npinMain,mpicc,nas,is,64,1024,3,20.46,4.398,1.091,0
o1,npinMain,mpicc,nas,lu,64,1024,1,26.928,4.382,1.091,0
o1,npinMain,mpicc,nas,lu,64,1024,2,17.533,4.325,0.933,0
o1,npinMain,mpicc,nas,lu,64,1024,3,18.071,4.366,0.913,0
o1,npinMain,mpicc,nas,mg,64,1024,1,19.252,4.963,1.115,0
o1,npinMain,mpicc,nas,mg,64,1024,2,62.196,4.429,1.117,0
o1,npinMain,mpicc,nas,mg,64,1024,3,10.647,4.449,0.842,0
o1,npinMain,mpicc,nas,sp,64,1024,1,25.178,4.957,1.144,0
o1,npinMain,mpicc,nas,sp,64,1024,2,23.998,4.988,1.116,0
o1,npinMain,mpicc,nas,sp,64,1024,3,24.28,4.952,1.157,0
o1,npinAll,mpicc,nas,bt,1,16,1,151.578,0.917,0.197,0
o1,npinAll,mpicc,nas,bt,1,16,2,178.994,0.924,0.186,0
o1,npinAll,mpicc,nas,bt,1,16,3,149.192,0.899,0.209,0
o1,npinAll,mpicc,nas,cg,1,16,1,29.733,0.903,0.219,0
o1,npinAll,mpicc,nas,cg,1,16,2,29.79,0.914,0.205,0
o1,npinAll,mpicc,nas,cg,1,16,3,29.751,0.905,0.217,0
o1,npinAll,mpicc,nas,ep,1,16,1,35.513,0.913,0.19,0
o1,npinAll,mpicc,nas,ep,1,16,2,35.206,0.943,0.163,0
o1,npinAll,mpicc,nas,ep,1,16,3,35.09,0.915,0.197,0
o1,npinAll,mpicc,nas,ft,1,16,1,36.298,0.914,0.192,0
o1,npinAll,mpicc,nas,ft,1,16,2,36.263,0.922,0.191,0
o1,npinAll,mpicc,nas,ft,1,16,3,36.645,0.896,0.209,0
o1,npinAll,mpicc,nas,is,1,16,1,14.312,0.909,0.193,0
o1,npinAll,mpicc,nas,is,1,16,2,14.351,0.902,0.195,0
o1,npinAll,mpicc,nas,is,1,16,3,14.549,0.923,0.188,0
o1,npinAll,mpicc,nas,lu,1,16,1,79.681,0.923,0.19,0
o1,npinAll,mpicc,nas,lu,1,16,2,80.048,0.906,0.2,0
o1,npinAll,mpicc,nas,lu,1,16,3,80.18,0.916,0.199,0
o1,npinAll,mpicc,nas,mg,1,16,1,19.56,0.933,0.17,0
o1,npinAll,mpicc,nas,mg,1,16,2,19.271,0.931,0.175,0
o1,npinAll,mpicc,nas,mg,1,16,3,19.511,0.912,0.197,0
o1,npinAll,mpicc,nas,sp,1,16,1,124.35,0.9,0.221,0
o1,npinAll,mpicc,nas,sp,1,16,2,124.478,0.902,0.209,0
o1,npinAll,mpicc,nas,sp,1,16,3,124.309,0.91,0.208,0
o1,npinAll,mpicc,nas,bt,4,64,1,48.595,1.114,0.232,0
o1,npinAll,mpicc,nas,bt,4,64,2,48.79,1.123,0.225,0
o1,npinAll,mpicc,nas,bt,4,64,3,48.856,1.119,0.234,0
o1,npinAll,mpicc,nas,cg,4,64,1,21.673,1.113,0.245,0
o1,npinAll,mpicc,nas,cg,4,64,2,21.754,1.124,0.229,0
o1,npinAll,mpicc,nas,cg,4,64,3,21.438,1.109,0.238,0
o1,npinAll,mpicc,nas,ep,4,64,1,21.005,1.1,0.242,0
o1,npinAll,mpicc,nas,ep,4,64,2,20.94,1.109,0.239,0
o1,npinAll,mpicc,nas,ep,4,64,3,20.896,1.112,0.241,0
o1,npinAll,mpicc,nas,ft,4,64,1,23.534,1.085,0.265,0
o1,npinAll,mpicc,nas,ft,4,64,2,23.401,1.116,0.242,0
o1,npinAll,mpicc,nas,ft,4,64,3,23.275,1.101,0.245,0
o1,npinAll,mpicc,nas,is,4,64,1,16.489,1.137,0.232,0
o1,npinAll,mpicc,nas,is,4,64,2,16.14,1.135,0.225,0
o1,npinAll,mpicc,nas,is,4,64,3,15.253,0.543,0.225,0
o1,npinAll,mpicc,nas,lu,4,64,1,35.2,1.12,0.218,0
o1,npinAll,mpicc,nas,lu,4,64,2,35.831,1.093,0.255,0
o1,npinAll,mpicc,nas,lu,4,64,3,34.223,0.564,0.215,0
o1,npinAll,mpicc,nas,mg,4,64,1,17.237,1.104,0.224,0
o1,npinAll,mpicc,nas,mg,4,64,2,17.662,1.111,0.232,0
o1,npinAll,mpicc,nas,mg,4,64,3,17.334,1.109,0.239,0
o1,npinAll,mpicc,nas,sp,4,64,1,37.695,1.1,0.251,0
o1,npinAll,mpicc,nas,sp,4,64,2,37.387,1.109,0.244,0
o1,npinAll,mpicc,nas,sp,4,64,3,36.714,1.109,0.25,0
o1,npinAll,mpicc,nas,bt,16,256,1,24.173,1.34,0.34,0
o1,npinAll,mpicc,nas,bt,16,256,2,25.566,1.868,0.375,0
o1,npinAll,mpicc,nas,bt,16,256,3,31.932,1.828,0.479,0
o1,npinAll,mpicc,nas,cg,16,256,1,22.69,1.888,0.401,0
o1,npinAll,mpicc,nas,cg,16,256,2,21.394,1.859,0.409,0
o1,npinAll,mpicc,nas,cg,16,256,3,24.882,1.847,0.455,0
o1,npinAll,mpicc,nas,ep,16,256,1,16.324,1.348,0.37,0
o1,npinAll,mpicc,nas,ep,16,256,2,17.759,1.906,0.404,0
o1,npinAll,mpicc,nas,ep,16,256,3,17.819,1.896,0.463,0
o1,npinAll,mpicc,nas,ft,16,256,1,23.163,1.874,0.453,0
o1,npinAll,mpicc,nas,ft,16,256,2,21.152,1.894,0.41,0
o1,npinAll,mpicc,nas,ft,16,256,3,20.917,1.888,0.387,0
o1,npinAll,mpicc,nas,is,16,256,1,20.746,1.897,0.432,0
o1,npinAll,mpicc,nas,is,16,256,2,20.235,1.873,0.423,0
o1,npinAll,mpicc,nas,is,16,256,3,21.023,1.843,0.468,0
o1,npinAll,mpicc,nas,lu,16,256,1,26.822,1.324,0.402,0
o1,npinAll,mpicc,nas,lu,16,256,2,23.979,1.854,0.406,0
o1,npinAll,mpicc,nas,lu,16,256,3,27.114,1.906,0.435,0
o1,npinAll,mpicc,nas,mg,16,256,1,16.529,1.858,0.425,0
o1,npinAll,mpicc,nas,mg,16,256,2,18.015,1.903,0.429,0
o1,npinAll,mpicc,nas,mg,16,256,3,17.031,1.879,0.403,0
o1,npinAll,mpicc,nas,sp,16,256,1,23.189,1.877,0.418,0
o1,npinAll,mpicc,nas,sp,16,256,2,22.755,1.85,0.469,0
o1,npinAll,mpicc,nas,sp,16,256,3,26.43,1.95,0.378,0
o1,npinAll,mpicc,nas,bt,64,1024,1,26.22,4.922,1.117,0
o1,npinAll,mpicc,nas,bt,64,1024,2,22.173,4.321,1.098,0
o1,npinAll,mpicc,nas,bt,64,1024,3,25.234,4.926,1.107,0
o1,npinAll,mpicc,nas,cg,64,1024,1,26.012,4.401,1.025,0
o1,npinAll,mpicc,nas,cg,64,1024,2,23.247,4.922,1.128,0
o1,npinAll,mpicc,nas,cg,64,1024,3,16.633,4.336,0.888,0
o1,npinAll,mpicc,nas,ep,64,1024,1,18.12,4.971,1.19,0
o1,npinAll,mpicc,nas,ep,64,1024,2,20.416,4.366,1.067,0
o1,npinAll,mpicc,nas,ep,64,1024,3,17.886,5.002,1.067,0
o1,npinAll,mpicc,nas,ft,64,1024,1,29.859,5.023,1.082,0
o1,npinAll,mpicc,nas,ft,64,1024,2,25.89,4.438,1.049,0
o1,npinAll,mpicc,nas,ft,64,1024,3,18.34,4.394,0.875,0
o1,npinAll,mpicc,nas,is,64,1024,1,32.274,4.978,1.141,0
o1,npinAll,mpicc,nas,is,64,1024,2,329.1,4.419,1.054,0
o1,npinAll,mpicc,nas,is,64,1024,3,204.567,4.454,1.102,0
o1,npinAll,mpicc,nas,lu,64,1024,1,34.254,4.967,1.147,0
o1,npinAll,mpicc,nas,lu,64,1024,2,36.943,4.987,1.108,0
o1,npinAll,mpicc,nas,lu,64,1024,3,20.488,4.344,0.946,0
o1,npinAll,mpicc,nas,mg,64,1024,1,25.128,4.994,1.115,0
o1,npinAll,mpicc,nas,mg,64,1024,2,72.157,4.979,1.152,0
o1,npinAll,mpicc,nas,mg,64,1024,3,17.41,4.398,1.134,0
o1,npinAll,mpicc,nas,sp,64,1024,1,27.992,4.973,1.123,0
o1,npinAll,mpicc,nas,sp,64,1024,2,98.887,4.945,1.136,0
o1,npinAll,mpicc,nas,sp,64,1024,3,23.572,4.971,1.095,0
o1,hpinMain,mpicc,nas,bt,1,16,1,158.222,0.924,0.184,0
o1,hpinMain,mpicc,nas,bt,1,16,2,157.496,0.914,0.191,0
o1,hpinMain,mpicc,nas,bt,1,16,3,167.697,0.925,0.169,0
o1,hpinMain,mpicc,nas,cg,1,16,1,28.802,0.926,0.189,0
o1,hpinMain,mpicc,nas,cg,1,16,2,29.704,0.924,0.188,0
o1,hpinMain,mpicc,nas,cg,1,16,3,29.446,0.931,0.184,0
o1,hpinMain,mpicc,nas,ep,1,16,1,45.568,0.916,0.191,0
o1,hpinMain,mpicc,nas,ep,1,16,2,46.289,0.923,0.173,0
o1,hpinMain,mpicc,nas,ep,1,16,3,45.463,0.931,0.175,0
o1,hpinMain,mpicc,nas,ft,1,16,1,48.74,0.902,0.204,0
o1,hpinMain,mpicc,nas,ft,1,16,2,48.253,0.921,0.185,0
o1,hpinMain,mpicc,nas,ft,1,16,3,52.43,0.917,0.197,0
o1,hpinMain,mpicc,nas,is,1,16,1,11.756,0.915,0.182,0
o1,hpinMain,mpicc,nas,is,1,16,2,12.215,0.919,0.188,0
o1,hpinMain,mpicc,nas,is,1,16,3,15.326,0.908,0.193,0
o1,hpinMain,mpicc,nas,lu,1,16,1,79.999,0.908,0.198,0
o1,hpinMain,mpicc,nas,lu,1,16,2,78.819,0.891,0.219,0
o1,hpinMain,mpicc,nas,lu,1,16,3,79.904,0.927,0.186,0
o1,hpinMain,mpicc,nas,mg,1,16,1,18.797,0.913,0.197,0
o1,hpinMain,mpicc,nas,mg,1,16,2,18.066,0.913,0.19,0
o1,hpinMain,mpicc,nas,mg,1,16,3,18.311,0.905,0.197,0
o1,hpinMain,mpicc,nas,sp,1,16,1,122.553,0.924,0.195,0
o1,hpinMain,mpicc,nas,sp,1,16,2,122.498,0.909,0.212,0
o1,hpinMain,mpicc,nas,sp,1,16,3,123.579,0.929,0.185,0
o1,hpinMain,mpicc,nas,bt,4,64,1,49.271,1.112,0.244,0
o1,hpinMain,mpicc,nas,bt,4,64,2,49.032,1.117,0.224,0
o1,hpinMain,mpicc,nas,bt,4,64,3,69.764,1.102,0.245,0
o1,hpinMain,mpicc,nas,cg,4,64,1,19.913,1.095,0.264,0
o1,hpinMain,mpicc,nas,cg,4,64,2,20.054,1.113,0.249,0
o1,hpinMain,mpicc,nas,cg,4,64,3,19.8,1.12,0.247,0
o1,hpinMain,mpicc,nas,ep,4,64,1,21.824,1.101,0.243,0
o1,hpinMain,mpicc,nas,ep,4,64,2,22.076,1.106,0.238,0
o1,hpinMain,mpicc,nas,ep,4,64,3,22.7,1.101,0.243,0
o1,hpinMain,mpicc,nas,ft,4,64,1,24.538,1.094,0.253,0
o1,hpinMain,mpicc,nas,ft,4,64,2,24.6,1.105,0.244,0
o1,hpinMain,mpicc,nas,ft,4,64,3,33.928,1.111,0.238,0
o1,hpinMain,mpicc,nas,is,4,64,1,13.321,1.111,0.227,0
o1,hpinMain,mpicc,nas,is,4,64,2,14.245,1.111,0.223,0
o1,hpinMain,mpicc,nas,is,4,64,3,15.674,1.095,0.25,0
o1,hpinMain,mpicc,nas,lu,4,64,1,33.831,1.09,0.259,0
o1,hpinMain,mpicc,nas,lu,4,64,2,34.471,1.103,0.244,0
o1,hpinMain,mpicc,nas,lu,4,64,3,34.052,1.094,0.254,0
o1,hpinMain,mpicc,nas,mg,4,64,1,16.773,1.095,0.232,0
o1,hpinMain,mpicc,nas,mg,4,64,2,15.165,1.126,0.222,0
o1,hpinMain,mpicc,nas,mg,4,64,3,16.046,1.126,0.212,0
o1,hpinMain,mpicc,nas,sp,4,64,1,36.454,1.101,0.262,0
o1,hpinMain,mpicc,nas,sp,4,64,2,36.569,1.082,0.258,0
o1,hpinMain,mpicc,nas,sp,4,64,3,45.381,1.099,0.24,0
o1,hpinMain,mpicc,nas,bt,16,256,1,32.729,1.849,0.403,0
o1,hpinMain,mpicc,nas,bt,16,256,2,24.477,1.841,0.489,0
o1,hpinMain,mpicc,nas,bt,16,256,3,31.78,1.881,0.405,0
o1,hpinMain,mpicc,nas,cg,16,256,1,18.761,1.853,0.463,0
o1,hpinMain,mpicc,nas,cg,16,256,2,45.463,1.832,0.444,0
o1,hpinMain,mpicc,nas,cg,16,256,3,21.338,1.867,0.429,0
o1,hpinMain,mpicc,nas,ep,16,256,1,14.674,1.877,0.428,0
o1,hpinMain,mpicc,nas,ep,16,256,2,15.898,1.877,0.443,0
o1,hpinMain,mpicc,nas,ep,16,256,3,15.734,1.868,0.442,0
o1,hpinMain,mpicc,nas,ft,16,256,1,18.807,1.875,0.431,0
o1,hpinMain,mpicc,nas,ft,16,256,2,137.155,1.857,0.423,0
o1,hpinMain,mpicc,nas,ft,16,256,3,18.53,1.877,0.437,0
o1,hpinMain,mpicc,nas,is,16,256,1,16.539,1.87,0.417,0
o1,hpinMain,mpicc,nas,is,16,256,2,15.049,1.889,0.44,0
o1,hpinMain,mpicc,nas,is,16,256,3,66.9,1.865,0.427,0
o1,hpinMain,mpicc,nas,lu,16,256,1,22.945,1.865,0.434,0
o1,hpinMain,mpicc,nas,lu,16,256,2,28.812,1.836,0.495,0
o1,hpinMain,mpicc,nas,lu,16,256,3,24.977,1.911,0.359,0
o1,hpinMain,mpicc,nas,mg,16,256,1,21.778,1.879,0.4,0
o1,hpinMain,mpicc,nas,mg,16,256,2,15.104,1.876,0.451,0
o1,hpinMain,mpicc,nas,mg,16,256,3,16.863,1.872,0.42,0
o1,hpinMain,mpicc,nas,sp,16,256,1,25.699,1.927,0.398,0
o1,hpinMain,mpicc,nas,sp,16,256,2,20.67,1.872,0.466,0
o1,hpinMain,mpicc,nas,sp,16,256,3,20.309,1.892,0.438,0
o1,hpinMain,mpicc,nas,bt,64,1024,1,22.724,4.956,1.127,0
o1,hpinMain,mpicc,nas,bt,64,1024,2,22.775,4.889,1.19,0
o1,hpinMain,mpicc,nas,bt,64,1024,3,24.072,4.852,1.166,0
o1,hpinMain,mpicc,nas,cg,64,1024,1,19.378,4.908,1.194,0
o1,hpinMain,mpicc,nas,cg,64,1024,2,19.347,4.943,1.119,0
o1,hpinMain,mpicc,nas,cg,64,1024,3,19.571,4.975,1.064,0
o1,hpinMain,mpicc,nas,ep,64,1024,1,16.203,4.943,1.125,0
o1,hpinMain,mpicc,nas,ep,64,1024,2,20.407,4.942,1.174,0
o1,hpinMain,mpicc,nas,ep,64,1024,3,21.512,4.919,1.121,0
o1,hpinMain,mpicc,nas,ft,64,1024,1,90.007,4.917,1.163,0
o1,hpinMain,mpicc,nas,ft,64,1024,2,20.775,4.903,1.144,0
o1,hpinMain,mpicc,nas,ft,64,1024,3,22.831,4.945,1.101,0
o1,hpinMain,mpicc,nas,is,64,1024,1,207.529,4.964,1.164,0
o1,hpinMain,mpicc,nas,is,64,1024,2,19.794,4.945,1.142,0
o1,hpinMain,mpicc,nas,is,64,1024,3,252.124,4.928,1.143,0
o1,hpinMain,mpicc,nas,lu,64,1024,1,27.116,4.981,1.09,0
o1,hpinMain,mpicc,nas,lu,64,1024,2,49.749,4.94,1.173,0
o1,hpinMain,mpicc,nas,lu,64,1024,3,20.133,4.356,0.876,0
o1,hpinMain,mpicc,nas,mg,64,1024,1,22.845,4.991,1.139,0
o1,hpinMain,mpicc,nas,mg,64,1024,2,19.419,4.914,1.168,0
o1,hpinMain,mpicc,nas,mg,64,1024,3,15.956,4.945,1.156,0
o1,hpinMain,mpicc,nas,sp,64,1024,1,23.888,4.956,1.138,0
o1,hpinMain,mpicc,nas,sp,64,1024,2,49.889,4.955,1.141,0
o1,hpinMain,mpicc,nas,sp,64,1024,3,23.663,4.9,1.197,0
o1,hpinAll,mpicc,nas,bt,1,16,1,144.472,0.925,0.18,0
o1,hpinAll,mpicc,nas,bt,1,16,2,144.848,0.92,0.2,0
o1,hpinAll,mpicc,nas,bt,1,16,3,144.853,0.909,0.199,0
o1,hpinAll,mpicc,nas,cg,1,16,1,31.787,0.92,0.198,0
o1,hpinAll,mpicc,nas,cg,1,16,2,32.233,0.911,0.213,0
o1,hpinAll,mpicc,nas,cg,1,16,3,32.698,0.905,0.211,0
o1,hpinAll,mpicc,nas,ep,1,16,1,48.606,0.908,0.2,0
o1,hpinAll,mpicc,nas,ep,1,16,2,48.188,0.904,0.203,0
o1,hpinAll,mpicc,nas,ep,1,16,3,49.146,0.915,0.193,0
o1,hpinAll,mpicc,nas,ft,1,16,1,49.78,0.916,0.196,0
o1,hpinAll,mpicc,nas,ft,1,16,2,49.995,0.933,0.187,0
o1,hpinAll,mpicc,nas,ft,1,16,3,49.271,0.911,0.202,0
o1,hpinAll,mpicc,nas,is,1,16,1,14.549,0.915,0.193,0
o1,hpinAll,mpicc,nas,is,1,16,2,14.7,0.924,0.189,0
o1,hpinAll,mpicc,nas,is,1,16,3,14.843,0.906,0.202,0
o1,hpinAll,mpicc,nas,lu,1,16,1,83.077,0.91,0.208,0
o1,hpinAll,mpicc,nas,lu,1,16,2,82.472,0.912,0.201,0
o1,hpinAll,mpicc,nas,lu,1,16,3,82.06,0.893,0.21,0
o1,hpinAll,mpicc,nas,mg,1,16,1,21.065,0.922,0.185,0
o1,hpinAll,mpicc,nas,mg,1,16,2,20.889,0.902,0.208,0
o1,hpinAll,mpicc,nas,mg,1,16,3,21.02,0.92,0.197,0
o1,hpinAll,mpicc,nas,sp,1,16,1,125.199,0.924,0.184,0
o1,hpinAll,mpicc,nas,sp,1,16,2,125.499,0.927,0.184,0
o1,hpinAll,mpicc,nas,sp,1,16,3,125.317,0.922,0.189,0
o1,hpinAll,mpicc,nas,bt,4,64,1,48.879,1.111,0.23,0
o1,hpinAll,mpicc,nas,bt,4,64,2,52.247,1.118,0.227,0
o1,hpinAll,mpicc,nas,bt,4,64,3,67.777,1.11,0.239,0
o1,hpinAll,mpicc,nas,cg,4,64,1,23.424,1.099,0.256,0
o1,hpinAll,mpicc,nas,cg,4,64,2,24.673,1.121,0.243,0
o1,hpinAll,mpicc,nas,cg,4,64,3,23.59,1.11,0.258,0
o1,hpinAll,mpicc,nas,ep,4,64,1,24.541,1.098,0.253,0
o1,hpinAll,mpicc,nas,ep,4,64,2,24.943,1.112,0.238,0
o1,hpinAll,mpicc,nas,ep,4,64,3,25.51,1.111,0.219,0
o1,hpinAll,mpicc,nas,ft,4,64,1,28.001,1.118,0.229,0
o1,hpinAll,mpicc,nas,ft,4,64,2,27.347,1.11,0.244,0
o1,hpinAll,mpicc,nas,ft,4,64,3,26.997,1.089,0.264,0
o1,hpinAll,mpicc,nas,is,4,64,1,17.159,1.127,0.232,0
o1,hpinAll,mpicc,nas,is,4,64,2,16.647,1.084,0.263,0
o1,hpinAll,mpicc,nas,is,4,64,3,17.659,1.131,0.232,0
o1,hpinAll,mpicc,nas,lu,4,64,1,39.01,1.11,0.229,0
o1,hpinAll,mpicc,nas,lu,4,64,2,38.251,1.111,0.243,0
o1,hpinAll,mpicc,nas,lu,4,64,3,39.646,1.113,0.227,0
o1,hpinAll,mpicc,nas,mg,4,64,1,18.363,1.123,0.23,0
o1,hpinAll,mpicc,nas,mg,4,64,2,18.519,1.124,0.243,0
o1,hpinAll,mpicc,nas,mg,4,64,3,18.772,1.109,0.236,0
o1,hpinAll,mpicc,nas,sp,4,64,1,40.197,1.118,0.236,0
o1,hpinAll,mpicc,nas,sp,4,64,2,40.171,1.11,0.237,0
o1,hpinAll,mpicc,nas,sp,4,64,3,40.803,1.13,0.21,0
o1,hpinAll,mpicc,nas,bt,16,256,1,28.077,1.842,0.461,0
o1,hpinAll,mpicc,nas,bt,16,256,2,29.896,1.858,0.473,0
o1,hpinAll,mpicc,nas,bt,16,256,3,31.568,1.863,0.431,0
o1,hpinAll,mpicc,nas,cg,16,256,1,25.587,1.874,0.447,0
o1,hpinAll,mpicc,nas,cg,16,256,2,21.523,1.874,0.414,0
o1,hpinAll,mpicc,nas,cg,16,256,3,28.77,1.886,0.436,0
o1,hpinAll,mpicc,nas,ep,16,256,1,18.343,1.893,0.428,0
o1,hpinAll,mpicc,nas,ep,16,256,2,18.548,1.899,0.428,0
o1,hpinAll,mpicc,nas,ep,16,256,3,21.46,1.897,0.425,0
o1,hpinAll,mpicc,nas,ft,16,256,1,22.173,1.872,0.425,0
o1,hpinAll,mpicc,nas,ft,16,256,2,26.257,1.823,0.466,0
o1,hpinAll,mpicc,nas,ft,16,256,3,22.154,1.868,0.434,0
o1,hpinAll,mpicc,nas,is,16,256,1,19.18,1.927,0.369,0
o1,hpinAll,mpicc,nas,is,16,256,2,19.791,1.881,0.448,0
o1,hpinAll,mpicc,nas,is,16,256,3,18.521,1.891,0.427,0
o1,hpinAll,mpicc,nas,lu,16,256,1,27.138,1.903,0.419,0
o1,hpinAll,mpicc,nas,lu,16,256,2,27.331,1.896,0.416,0
o1,hpinAll,mpicc,nas,lu,16,256,3,27.448,1.869,0.471,0
o1,hpinAll,mpicc,nas,mg,16,256,1,17.836,1.894,0.414,0
o1,hpinAll,mpicc,nas,mg,16,256,2,17.736,1.945,0.423,0
o1,hpinAll,mpicc,nas,mg,16,256,3,20.329,1.93,0.379,0
o1,hpinAll,mpicc,nas,sp,16,256,1,24.269,1.887,0.427,0
o1,hpinAll,mpicc,nas,sp,16,256,2,24.519,1.888,0.394,0
o1,hpinAll,mpicc,nas,sp,16,256,3,33.117,1.86,0.434,0
o1,hpinAll,mpicc,nas,bt,64,1024,1,24.502,4.927,1.102,0
o1,hpinAll,mpicc,nas,bt,64,1024,2,29.535,4.918,1.105,0
o1,hpinAll,mpicc,nas,bt,64,1024,3,29.314,4.961,1.094,0
o1,hpinAll,mpicc,nas,cg,64,1024,1,26.51,4.9,1.147,0
o1,hpinAll,mpicc,nas,cg,64,1024,2,29.664,4.959,1.129,0
o1,hpinAll,mpicc,nas,cg,64,1024,3,21.749,4.317,0.962,0
o1,hpinAll,mpicc,nas,ep,64,1024,1,19.179,4.91,1.158,0
o1,hpinAll,mpicc,nas,ep,64,1024,2,13.546,4.812,0.962,0
o1,hpinAll,mpicc,nas,ep,64,1024,3,18.97,4.912,1.158,0
o1,hpinAll,mpicc,nas,ft,64,1024,1,23.876,4.987,1.119,0
o1,hpinAll,mpicc,nas,ft,64,1024,2,28.87,4.943,1.123,0
o1,hpinAll,mpicc,nas,ft,64,1024,3,24.835,4.953,1.104,0
o1,hpinAll,mpicc,nas,is,64,1024,1,25.855,5.01,1.107,0
o1,hpinAll,mpicc,nas,is,64,1024,2,28.232,4.96,1.175,0
o1,hpinAll,mpicc,nas,is,64,1024,3,26.902,4.969,1.122,0
o1,hpinAll,mpicc,nas,lu,64,1024,1,31.461,4.984,1.099,0
o1,hpinAll,mpicc,nas,lu,64,1024,2,32.362,4.332,0.92,0
o1,hpinAll,mpicc,nas,lu,64,1024,3,29.042,4.337,0.918,0
o1,hpinAll,mpicc,nas,mg,64,1024,1,19.656,5.007,1.167,0
o1,hpinAll,mpicc,nas,mg,64,1024,2,19.656,5.007,1.167,0
o1,hpinAll,mpicc,nas,mg,64,1024,3,19.656,5.007,1.167,0
o1,hpinAll,mpicc,nas,sp,64,1024,1,26.924,4.969,1.103,0
o1,hpinAll,mpicc,nas,sp,64,1024,2,23.878,4.967,1.176,0
o1,hpinAll,mpicc,nas,sp,64,1024,3,57.156,4.969,1.169,0
o1,dpinMain,mpicc,nas,bt,1,16,1,156.251,0.915,0.188,0
o1,dpinMain,mpicc,nas,bt,1,16,2,151.666,0.923,0.154,0
o1,dpinMain,mpicc,nas,bt,1,16,3,151.923,0.901,0.165,0
o1,dpinMain,mpicc,nas,cg,1,16,1,29.921,0.908,0.204,0
o1,dpinMain,mpicc,nas,cg,1,16,2,31.126,0.912,0.164,0
o1,dpinMain,mpicc,nas,cg,1,16,3,25.202,0.919,0.164,0
o1,dpinMain,mpicc,nas,ep,1,16,1,46.522,0.904,0.188,0
o1,dpinMain,mpicc,nas,ep,1,16,2,41.639,0.901,0.16,0
o1,dpinMain,mpicc,nas,ep,1,16,3,42.023,0.903,0.158,0
o1,dpinMain,mpicc,nas,ft,1,16,1,52.975,0.901,0.221,0
o1,dpinMain,mpicc,nas,ft,1,16,2,44.193,0.907,0.171,0
o1,dpinMain,mpicc,nas,ft,1,16,3,43.664,0.895,0.178,0
o1,dpinMain,mpicc,nas,is,1,16,1,12.374,0.906,0.206,0
o1,dpinMain,mpicc,nas,is,1,16,2,7.835,0.893,0.179,0
o1,dpinMain,mpicc,nas,is,1,16,3,7.938,0.909,0.156,0
o1,dpinMain,mpicc,nas,lu,1,16,1,85.529,0.909,0.213,0
o1,dpinMain,mpicc,nas,lu,1,16,2,78.87,0.901,0.172,0
o1,dpinMain,mpicc,nas,lu,1,16,3,74.671,0.909,0.157,0
o1,dpinMain,mpicc,nas,mg,1,16,1,17.891,0.921,0.178,0
o1,dpinMain,mpicc,nas,mg,1,16,2,13.944,0.913,0.152,0
o1,dpinMain,mpicc,nas,mg,1,16,3,14.441,0.885,0.176,0
o1,dpinMain,mpicc,nas,sp,1,16,1,123.35,0.91,0.201,0
o1,dpinMain,mpicc,nas,sp,1,16,2,118.118,0.914,0.152,0
o1,dpinMain,mpicc,nas,sp,1,16,3,118.662,0.906,0.166,0
o1,dpinMain,mpicc,nas,bt,4,64,1,43.814,1.096,0.211,0
o1,dpinMain,mpicc,nas,bt,4,64,2,46.814,1.102,0.196,0
o1,dpinMain,mpicc,nas,bt,4,64,3,50.662,1.098,0.207,0
o1,dpinMain,mpicc,nas,cg,4,64,1,16.707,1.106,0.198,0
o1,dpinMain,mpicc,nas,cg,4,64,2,42.006,1.094,0.216,0
o1,dpinMain,mpicc,nas,cg,4,64,3,14.311,1.103,0.208,0
o1,dpinMain,mpicc,nas,ep,4,64,1,23.975,1.099,0.251,0
o1,dpinMain,mpicc,nas,ep,4,64,2,16.62,1.102,0.202,0
o1,dpinMain,mpicc,nas,ep,4,64,3,19.976,1.093,0.216,0
o1,dpinMain,mpicc,nas,ft,4,64,1,27.342,1.095,0.251,0
o1,dpinMain,mpicc,nas,ft,4,64,2,19.324,1.101,0.202,0
o1,dpinMain,mpicc,nas,ft,4,64,3,18.971,1.091,0.217,0
o1,dpinMain,mpicc,nas,is,4,64,1,16.257,1.114,0.249,0
o1,dpinMain,mpicc,nas,is,4,64,2,8.539,1.108,0.188,0
o1,dpinMain,mpicc,nas,is,4,64,3,8.615,1.107,0.188,0
o1,dpinMain,mpicc,nas,lu,4,64,1,36.674,1.127,0.227,0
o1,dpinMain,mpicc,nas,lu,4,64,2,48.651,1.094,0.214,0
o1,dpinMain,mpicc,nas,lu,4,64,3,28.099,1.099,0.204,0
o1,dpinMain,mpicc,nas,mg,4,64,1,15.774,1.102,0.246,0
o1,dpinMain,mpicc,nas,mg,4,64,2,10.121,1.106,0.196,0
o1,dpinMain,mpicc,nas,mg,4,64,3,10.946,1.093,0.208,0
o1,dpinMain,mpicc,nas,sp,4,64,1,35.875,1.095,0.255,0
o1,dpinMain,mpicc,nas,sp,4,64,2,31.617,1.082,0.221,0
o1,dpinMain,mpicc,nas,sp,4,64,3,31.034,1.097,0.202,0
o1,dpinMain,mpicc,nas,bt,16,256,1,18.496,1.84,0.386,0
o1,dpinMain,mpicc,nas,bt,16,256,2,18.489,1.879,0.354,0
o1,dpinMain,mpicc,nas,bt,16,256,3,90.322,1.866,0.351,0
o1,dpinMain,mpicc,nas,cg,16,256,1,19.533,1.844,0.475,0
o1,dpinMain,mpicc,nas,cg,16,256,2,48.238,1.838,0.386,0
o1,dpinMain,mpicc,nas,cg,16,256,3,12.986,1.811,0.397,0
o1,dpinMain,mpicc,nas,ep,16,256,1,15.504,1.883,0.382,0
o1,dpinMain,mpicc,nas,ep,16,256,2,9.919,1.869,0.358,0
o1,dpinMain,mpicc,nas,ep,16,256,3,14.409,1.854,0.375,0
o1,dpinMain,mpicc,nas,ft,16,256,1,13.239,1.895,0.326,0
o1,dpinMain,mpicc,nas,ft,16,256,2,24.416,1.907,0.324,0
o1,dpinMain,mpicc,nas,ft,16,256,3,12.93,1.865,0.366,0
o1,dpinMain,mpicc,nas,is,16,256,1,30.739,1.855,0.36,0
o1,dpinMain,mpicc,nas,is,16,256,2,31.029,1.832,0.39,0
o1,dpinMain,mpicc,nas,is,16,256,3,10.705,1.858,0.357,0
o1,dpinMain,mpicc,nas,lu,16,256,1,22.174,1.874,0.388,0
o1,dpinMain,mpicc,nas,lu,16,256,2,17.329,1.866,0.376,0
o1,dpinMain,mpicc,nas,lu,16,256,3,22.513,1.862,0.358,0
o1,dpinMain,mpicc,nas,mg,16,256,1,17.543,1.836,0.423,0
o1,dpinMain,mpicc,nas,mg,16,256,2,8.818,1.884,0.355,0
o1,dpinMain,mpicc,nas,mg,16,256,3,9.131,1.85,0.374,0
o1,dpinMain,mpicc,nas,sp,16,256,1,21.083,1.882,0.411,0
o1,dpinMain,mpicc,nas,sp,16,256,2,15.358,1.862,0.363,0
o1,dpinMain,mpicc,nas,sp,16,256,3,16.05,1.853,0.37,0
o1,dpinMain,mpicc,nas,bt,64,1024,1,17.765,4.95,0.94,0
o1,dpinMain,mpicc,nas,bt,64,1024,2,16.58,4.953,0.926,0
o1,dpinMain,mpicc,nas,bt,64,1024,3,17.504,4.988,0.886,0
o1,dpinMain,mpicc,nas,cg,64,1024,1,13.678,4.919,0.957,0
o1,dpinMain,mpicc,nas,cg,64,1024,2,12.941,4.926,0.955,0
o1,dpinMain,mpicc,nas,cg,64,1024,3,13.487,4.934,0.958,0
o1,dpinMain,mpicc,nas,ep,64,1024,1,10.009,4.907,0.972,0
o1,dpinMain,mpicc,nas,ep,64,1024,2,9.414,4.905,0.971,0
o1,dpinMain,mpicc,nas,ep,64,1024,3,9.405,4.927,0.948,0
o1,dpinMain,mpicc,nas,ft,64,1024,1,20.414,4.921,1.158,0
o1,dpinMain,mpicc,nas,ft,64,1024,2,83.473,4.964,0.887,0
o1,dpinMain,mpicc,nas,ft,64,1024,3,14.674,4.88,1,0
o1,dpinMain,mpicc,nas,is,64,1024,1,324.759,4.936,0.927,0
o1,dpinMain,mpicc,nas,is,64,1024,2,15.947,4.897,0.978,0
o1,dpinMain,mpicc,nas,is,64,1024,3,237.156,4.91,0.962,0
o1,dpinMain,mpicc,nas,lu,64,1024,1,63.85,4.936,0.974,0
o1,dpinMain,mpicc,nas,lu,64,1024,2,22.947,4.961,0.965,0
o1,dpinMain,mpicc,nas,lu,64,1024,3,18.838,4.979,0.967,0
o1,dpinMain,mpicc,nas,mg,64,1024,1,11.042,4.974,0.892,0
o1,dpinMain,mpicc,nas,mg,64,1024,2,9.913,4.941,0.934,0
o1,dpinMain,mpicc,nas,mg,64,1024,3,18.748,4.921,0.954,0
o1,dpinMain,mpicc,nas,sp,64,1024,1,20.19,4.926,1.145,0
o1,dpinMain,mpicc,nas,sp,64,1024,2,13.968,4.947,0.916,0
o1,dpinMain,mpicc,nas,sp,64,1024,3,13.621,4.845,1.002,0
o1,dpinAll,mpicc,nas,bt,1,16,1,169.643,0.368,0.176,0
o1,dpinAll,mpicc,nas,bt,1,16,2,140.601,0.36,0.142,0
o1,dpinAll,mpicc,nas,bt,1,16,3,140.434,0.363,0.14,0
o1,dpinAll,mpicc,nas,cg,1,16,1,52.088,0.367,0.176,0
o1,dpinAll,mpicc,nas,cg,1,16,2,26.28,0.374,0.116,0
o1,dpinAll,mpicc,nas,cg,1,16,3,27.409,0.357,0.147,0
o1,dpinAll,mpicc,nas,ep,1,16,1,54.011,0.362,0.169,0
o1,dpinAll,mpicc,nas,ep,1,16,2,44.035,0.36,0.133,0
o1,dpinAll,mpicc,nas,ep,1,16,3,43.8,0.358,0.134,0
o1,dpinAll,mpicc,nas,ft,1,16,1,74.259,0.357,0.182,0
o1,dpinAll,mpicc,nas,ft,1,16,2,44.385,0.345,0.164,0
o1,dpinAll,mpicc,nas,ft,1,16,3,44.395,0.379,0.124,0
o1,dpinAll,mpicc,nas,is,1,16,1,26.679,0.364,0.172,0
o1,dpinAll,mpicc,nas,is,1,16,2,10.767,0.363,0.14,0
o1,dpinAll,mpicc,nas,is,1,16,3,10.61,0.361,0.135,0
o1,dpinAll,mpicc,nas,lu,1,16,1,106.097,0.371,0.167,0
o1,dpinAll,mpicc,nas,lu,1,16,2,76.956,0.36,0.141,0
o1,dpinAll,mpicc,nas,lu,1,16,3,77.24,0.361,0.138,0
o1,dpinAll,mpicc,nas,mg,1,16,1,41.763,0.357,0.181,0
o1,dpinAll,mpicc,nas,mg,1,16,2,16.83,0.354,0.145,0
o1,dpinAll,mpicc,nas,mg,1,16,3,16.765,0.358,0.143,0
o1,dpinAll,mpicc,nas,sp,1,16,1,126.819,0.357,0.184,0
o1,dpinAll,mpicc,nas,sp,1,16,2,120.229,0.36,0.143,0
o1,dpinAll,mpicc,nas,sp,1,16,3,252.399,0.356,0.147,0
o1,dpinAll,mpicc,nas,bt,4,64,1,91.392,0.57,0.211,0
o1,dpinAll,mpicc,nas,bt,4,64,2,42.554,0.549,0.181,0
o1,dpinAll,mpicc,nas,bt,4,64,3,42.989,0.56,0.179,0
o1,dpinAll,mpicc,nas,cg,4,64,1,55.377,0.559,0.232,0
o1,dpinAll,mpicc,nas,cg,4,64,2,15.928,0.57,0.174,0
o1,dpinAll,mpicc,nas,cg,4,64,3,17.001,0.554,0.188,0
o1,dpinAll,mpicc,nas,ep,4,64,1,77.9,0.562,0.211,0
o1,dpinAll,mpicc,nas,ep,4,64,2,19.011,0.568,0.161,0
o1,dpinAll,mpicc,nas,ep,4,64,3,19.07,0.55,0.18,0
o1,dpinAll,mpicc,nas,ft,4,64,1,29.029,0.566,0.2,0
o1,dpinAll,mpicc,nas,ft,4,64,2,21.466,0.558,0.183,0
o1,dpinAll,mpicc,nas,ft,4,64,3,21.607,0.523,0.216,0
o1,dpinAll,mpicc,nas,is,4,64,1,17.985,0.559,0.194,0
o1,dpinAll,mpicc,nas,is,4,64,2,10.143,0.562,0.17,0
o1,dpinAll,mpicc,nas,is,4,64,3,10.989,0.549,0.177,0
o1,dpinAll,mpicc,nas,lu,4,64,1,42.16,0.559,0.209,0
o1,dpinAll,mpicc,nas,lu,4,64,2,30.293,0.558,0.175,0
o1,dpinAll,mpicc,nas,lu,4,64,3,31.144,0.541,0.189,0
o1,dpinAll,mpicc,nas,mg,4,64,1,19.114,0.569,0.211,0
o1,dpinAll,mpicc,nas,mg,4,64,2,12.742,0.564,0.171,0
o1,dpinAll,mpicc,nas,mg,4,64,3,12.612,0.563,0.168,0
o1,dpinAll,mpicc,nas,sp,4,64,1,40.573,0.576,0.202,0
o1,dpinAll,mpicc,nas,sp,4,64,2,32.939,0.541,0.199,0
o1,dpinAll,mpicc,nas,sp,4,64,3,32.98,0.536,0.198,0
o1,dpinAll,mpicc,nas,bt,16,256,1,24.605,1.361,0.385,0
o1,dpinAll,mpicc,nas,bt,16,256,2,20.699,1.303,0.352,0
o1,dpinAll,mpicc,nas,bt,16,256,3,19.798,1.303,0.36,0
o1,dpinAll,mpicc,nas,cg,16,256,1,19.576,1.312,0.443,0
o1,dpinAll,mpicc,nas,cg,16,256,2,15.322,1.348,0.328,0
o1,dpinAll,mpicc,nas,cg,16,256,3,14.911,1.328,0.358,0
o1,dpinAll,mpicc,nas,ep,16,256,1,17.1,1.365,0.376,0
o1,dpinAll,mpicc,nas,ep,16,256,2,12.059,1.33,0.343,0
o1,dpinAll,mpicc,nas,ep,16,256,3,12.695,1.346,0.319,0
o1,dpinAll,mpicc,nas,ft,16,256,1,19.907,1.314,0.439,0
o1,dpinAll,mpicc,nas,ft,16,256,2,15.715,1.318,0.366,0
o1,dpinAll,mpicc,nas,ft,16,256,3,15.562,1.342,0.321,0
o1,dpinAll,mpicc,nas,is,16,256,1,16.329,1.316,0.403,0
o1,dpinAll,mpicc,nas,is,16,256,2,11.657,1.326,0.335,0
o1,dpinAll,mpicc,nas,is,16,256,3,11.992,1.327,0.339,0
o1,dpinAll,mpicc,nas,lu,16,256,1,33.306,1.304,0.396,0
o1,dpinAll,mpicc,nas,lu,16,256,2,20.244,1.285,0.353,0
o1,dpinAll,mpicc,nas,lu,16,256,3,19.661,1.311,0.338,0
o1,dpinAll,mpicc,nas,mg,16,256,1,11.752,1.311,0.339,0
o1,dpinAll,mpicc,nas,mg,16,256,2,13.012,1.303,0.348,0
o1,dpinAll,mpicc,nas,mg,16,256,3,13.376,1.305,0.346,0
o1,dpinAll,mpicc,nas,sp,16,256,1,37.164,1.341,0.412,0
o1,dpinAll,mpicc,nas,sp,16,256,2,17.384,1.343,0.322,0
o1,dpinAll,mpicc,nas,sp,16,256,3,17.715,1.384,0.291,0
o1,dpinAll,mpicc,nas,bt,64,1024,1,18.88,4.459,0.893,0
o1,dpinAll,mpicc,nas,bt,64,1024,2,16.799,4.393,0.952,0
o1,dpinAll,mpicc,nas,bt,64,1024,3,16.867,4.401,0.932,0
o1,dpinAll,mpicc,nas,cg,64,1024,1,16.065,4.464,0.883,0
o1,dpinAll,mpicc,nas,cg,64,1024,2,15.693,4.417,0.956,0
o1,dpinAll,mpicc,nas,cg,64,1024,3,15.511,4.464,0.906,0
o1,dpinAll,mpicc,nas,ep,64,1024,1,12.29,4.443,0.922,0
o1,dpinAll,mpicc,nas,ep,64,1024,2,11.733,4.451,0.927,0
o1,dpinAll,mpicc,nas,ep,64,1024,3,11.882,4.445,0.881,0
o1,dpinAll,mpicc,nas,ft,64,1024,1,84.761,4.448,0.902,0
o1,dpinAll,mpicc,nas,ft,64,1024,2,85.867,4.476,0.87,0
o1,dpinAll,mpicc,nas,ft,64,1024,3,17.003,4.47,0.911,0
o1,dpinAll,mpicc,nas,is,64,1024,1,106.981,4.377,0.941,0
o1,dpinAll,mpicc,nas,is,64,1024,2,235.641,4.391,0.94,0
o1,dpinAll,mpicc,nas,is,64,1024,3,17.527,4.41,0.936,0
o1,dpinAll,mpicc,nas,lu,64,1024,1,22.689,4.379,0.889,0
o1,dpinAll,mpicc,nas,lu,64,1024,2,138.818,4.397,0.899,0
o1,dpinAll,mpicc,nas,lu,64,1024,3,24.624,4.401,0.929,0
o1,dpinAll,mpicc,nas,mg,64,1024,1,12.294,4.428,0.933,0
o1,dpinAll,mpicc,nas,mg,64,1024,2,12.532,4.449,0.889,0
o1,dpinAll,mpicc,nas,mg,64,1024,3,12.555,4.428,0.924,0
o1,dpinAll,mpicc,nas,sp,64,1024,1,16.252,4.418,0.892,0
o1,dpinAll,mpicc,nas,sp,64,1024,2,17.457,4.42,0.924,0
o1,dpinAll,mpicc,nas,sp,64,1024,3,17.939,4.404,0.949,0
o1,wpinMain,mpicc,nas,bt,1,16,1,787.012,0.367,0.168,0
o1,wpinMain,mpicc,nas,bt,1,16,2,750.777,0.36,0.148,0
o1,wpinMain,mpicc,nas,bt,1,16,3,639.758,0.366,0.164,0
o1,wpinMain,mpicc,nas,cg,1,16,1,36.223,0.381,0.154,0
o1,wpinMain,mpicc,nas,cg,1,16,2,33.282,0.371,0.131,0
o1,wpinMain,mpicc,nas,cg,1,16,3,31.971,0.355,0.15,0
o1,wpinMain,mpicc,nas,ep,1,16,1,404.19,0.355,0.181,0
o1,wpinMain,mpicc,nas,ep,1,16,2,428.946,0.352,0.151,0
o1,wpinMain,mpicc,nas,ep,1,16,3,409.685,0.355,0.149,0
o1,wpinMain,mpicc,nas,ft,1,16,1,254.482,0.367,0.171,0
o1,wpinMain,mpicc,nas,ft,1,16,2,250.386,0.358,0.15,0
o1,wpinMain,mpicc,nas,ft,1,16,3,233.462,0.344,0.159,0
o1,wpinMain,mpicc,nas,is,1,16,1,11.315,0.365,0.16,0
o1,wpinMain,mpicc,nas,is,1,16,2,7.665,0.358,0.141,0
o1,wpinMain,mpicc,nas,is,1,16,3,7.498,0.356,0.144,0
o1,wpinMain,mpicc,nas,lu,1,16,1,85.808,0.367,0.176,0
o1,wpinMain,mpicc,nas,lu,1,16,2,80.718,0.356,0.151,0
o1,wpinMain,mpicc,nas,lu,1,16,3,80.969,0.367,0.14,0
o1,wpinMain,mpicc,nas,mg,1,16,1,19.775,0.376,0.156,0
o1,wpinMain,mpicc,nas,mg,1,16,2,16.583,0.378,0.128,0
o1,wpinMain,mpicc,nas,mg,1,16,3,15.871,0.354,0.15,0
o1,wpinMain,mpicc,nas,sp,1,16,1,200.468,0.365,0.177,0
o1,wpinMain,mpicc,nas,sp,1,16,2,181.527,0.359,0.153,0
o1,wpinMain,mpicc,nas,sp,1,16,3,182.099,0.347,0.166,0
o1,wpinMain,mpicc,nas,bt,4,64,1,555.661,0.573,0.183,0
o1,wpinMain,mpicc,nas,bt,4,64,2,543.538,0.551,0.197,0
o1,wpinMain,mpicc,nas,bt,4,64,3,494.971,0.547,0.2,0
o1,wpinMain,mpicc,nas,cg,4,64,1,735.818,0.56,0.231,0
o1,wpinMain,mpicc,nas,cg,4,64,2,619.535,0.554,0.21,0
o1,wpinMain,mpicc,nas,cg,4,64,3,383.011,0.56,0.197,0
o1,wpinMain,mpicc,nas,ep,4,64,1,186.486,0.559,0.213,0
o1,wpinMain,mpicc,nas,ep,4,64,2,137.61,0.562,0.168,0
o1,wpinMain,mpicc,nas,ep,4,64,3,126.997,0.555,0.17,0
o1,wpinMain,mpicc,nas,ft,4,64,1,140.084,0.553,0.203,0
o1,wpinMain,mpicc,nas,ft,4,64,2,145.504,0.536,0.198,0
o1,wpinMain,mpicc,nas,ft,4,64,3,142.028,0.559,0.177,0
o1,wpinMain,mpicc,nas,is,4,64,1,46.626,0.552,0.219,0
o1,wpinMain,mpicc,nas,is,4,64,2,30.686,0.548,0.181,0
o1,wpinMain,mpicc,nas,is,4,64,3,23.006,0.549,0.176,0
o1,wpinMain,mpicc,nas,lu,4,64,1,295.115,0.557,0.221,0
o1,wpinMain,mpicc,nas,lu,4,64,2,263.661,0.555,0.185,0
o1,wpinMain,mpicc,nas,lu,4,64,3,229.614,0.544,0.19,0
o1,wpinMain,mpicc,nas,mg,4,64,1,214.022,0.563,0.21,0
o1,wpinMain,mpicc,nas,mg,4,64,2,177.57,0.554,0.18,0
o1,wpinMain,mpicc,nas,mg,4,64,3,170.518,0.555,0.176,0
o1,wpinMain,mpicc,nas,sp,4,64,1,623.49,0.569,0.205,0
o1,wpinMain,mpicc,nas,sp,4,64,2,470.661,0.558,0.213,0
o1,wpinMain,mpicc,nas,sp,4,64,3,431.271,0.528,0.22,0
o1,wpinMain,mpicc,nas,bt,16,256,1,780.006,1.328,0.326,0
o1,wpinMain,mpicc,nas,bt,16,256,2,616.01,1.309,0.363,0
o1,wpinMain,mpicc,nas,bt,16,256,3,477.909,1.328,0.379,0
o1,wpinMain,mpicc,nas,cg,16,256,1,1461.447,1.314,0.437,0
o1,wpinMain,mpicc,nas,cg,16,256,2,829.328,1.312,0.391,0
o1,wpinMain,mpicc,nas,cg,16,256,3,571.547,1.336,0.371,0
o1,wpinMain,mpicc,nas,ep,16,256,1,46.751,1.338,0.352,0
o1,wpinMain,mpicc,nas,ep,16,256,2,45.158,1.32,0.327,0
o1,wpinMain,mpicc,nas,ep,16,256,3,40.037,1.313,0.338,0
o1,wpinMain,mpicc,nas,ft,16,256,1,391.74,1.296,0.349,0
o1,wpinMain,mpicc,nas,ft,16,256,2,323.198,1.306,0.353,0
o1,wpinMain,mpicc,nas,ft,16,256,3,308.549,1.324,0.331,0
o1,wpinMain,mpicc,nas,is,16,256,1,171.374,1.336,0.357,0
o1,wpinMain,mpicc,nas,is,16,256,2,180.748,1.299,0.361,0
o1,wpinMain,mpicc,nas,is,16,256,3,128.909,1.309,0.358,0
o1,wpinMain,mpicc,nas,lu,16,256,1,676.256,1.311,0.387,0
o1,wpinMain,mpicc,nas,lu,16,256,2,573.258,1.34,0.334,0
o1,wpinMain,mpicc,nas,lu,16,256,3,506.24,1.339,0.352,0
o1,wpinMain,mpicc,nas,mg,16,256,1,266.424,1.336,0.401,0
o1,wpinMain,mpicc,nas,mg,16,256,2,243.399,1.298,0.345,0
o1,wpinMain,mpicc,nas,mg,16,256,3,213.02,1.315,0.34,0
o1,wpinMain,mpicc,nas,sp,16,256,1,1187.882,1.306,0.428,0
o1,wpinMain,mpicc,nas,sp,16,256,2,756.851,1.305,0.379,0
o1,wpinMain,mpicc,nas,sp,16,256,3,504.389,1.324,0.351,0
o1,wpinMain,mpicc,nas,bt,64,1024,1,612.236,4.303,0.837,2250259167
o1,wpinMain,mpicc,nas,bt,64,1024,2,544.116,4.302,0.837,2050229188
o1,wpinMain,mpicc,nas,bt,64,1024,3,684.473,4.26,1.04,2514265606
o1,wpinMain,mpicc,nas,cg,64,1024,1,1375.512,4.344,1.041,5639896635
o1,wpinMain,mpicc,nas,cg,64,1024,2,1265.723,4.323,1.073,5174394605
o1,wpinMain,mpicc,nas,cg,64,1024,3,1301.722,4.333,1.071,5414892603
o1,wpinMain,mpicc,nas,ep,64,1024,1,22.453,4.303,0.869,61932345.99
o1,wpinMain,mpicc,nas,ep,64,1024,2,22.803,4.293,0.869,62687226.16
o1,wpinMain,mpicc,nas,ep,64,1024,3,22.028,4.308,0.868,61507616.62
o1,wpinMain,mpicc,nas,ft,64,1024,1,284.924,4.381,1.028,993246744.6
o1,wpinMain,mpicc,nas,ft,64,1024,2,246.55,4.32,1.126,980019861.5
o1,wpinMain,mpicc,nas,ft,64,1024,3,289.636,4.341,1.004,1175531280
o1,wpinMain,mpicc,nas,is,64,1024,1,499.279,4.387,1.054,1796695934
o1,wpinMain,mpicc,nas,is,64,1024,2,540.874,4.343,1.108,1783075612
o1,wpinMain,mpicc,nas,is,64,1024,3,529.101,4.366,1.088,1896688846
o1,wpinMain,mpicc,nas,lu,64,1024,1,602.038,4.222,1.1,2526119472
o1,wpinMain,mpicc,nas,lu,64,1024,2,583.177,4.259,1.041,2430326136
o1,wpinMain,mpicc,nas,lu,64,1024,3,663.938,4.292,0.998,2750226680
o1,wpinMain,mpicc,nas,mg,64,1024,1,146.149,4.345,0.86,582194630.9
o1,wpinMain,mpicc,nas,mg,64,1024,2,146.149,4.345,0.86,582194630.9
o1,wpinMain,mpicc,nas,mg,64,1024,3,136.353,4.326,1.062,524407504.7
o1,wpinMain,mpicc,nas,sp,64,1024,1,756.413,4.3,0.922,3102341234
o1,wpinMain,mpicc,nas,sp,64,1024,2,860.988,4.31,0.822,3601178596
o1,wpinMain,mpicc,nas,sp,64,1024,3,681.616,4.271,1.031,2821649192
o1,wpinAll,mpicc,nas,bt,1,16,1,774.619,0.38,0.166,0
o1,wpinAll,mpicc,nas,bt,1,16,2,835.818,0.367,0.146,0
o1,wpinAll,mpicc,nas,bt,1,16,3,662.865,0.363,0.147,0
o1,wpinAll,mpicc,nas,cg,1,16,1,50.212,0.368,0.17,0
o1,wpinAll,mpicc,nas,cg,1,16,2,47.353,0.362,0.141,0
o1,wpinAll,mpicc,nas,cg,1,16,3,98.976,0.359,0.146,0
o1,wpinAll,mpicc,nas,ep,1,16,1,410.412,0.356,0.185,0
o1,wpinAll,mpicc,nas,ep,1,16,2,441.046,0.363,0.144,0
o1,wpinAll,mpicc,nas,ep,1,16,3,406.562,0.34,0.16,0
o1,wpinAll,mpicc,nas,ft,1,16,1,251.139,0.387,0.16,0
o1,wpinAll,mpicc,nas,ft,1,16,2,261.464,0.369,0.145,0
o1,wpinAll,mpicc,nas,ft,1,16,3,238.218,0.372,0.141,0
o1,wpinAll,mpicc,nas,is,1,16,1,14.913,0.375,0.161,0
o1,wpinAll,mpicc,nas,is,1,16,2,13.32,0.351,0.144,0
o1,wpinAll,mpicc,nas,is,1,16,3,12.205,0.364,0.133,0
o1,wpinAll,mpicc,nas,lu,1,16,1,150.179,0.371,0.156,0
o1,wpinAll,mpicc,nas,lu,1,16,2,205.419,0.353,0.154,0
o1,wpinAll,mpicc,nas,lu,1,16,3,175.867,0.357,0.147,0
o1,wpinAll,mpicc,nas,mg,1,16,1,26.11,0.351,0.185,0
o1,wpinAll,mpicc,nas,mg,1,16,2,29.77,0.36,0.138,0
o1,wpinAll,mpicc,nas,mg,1,16,3,37.052,0.377,0.128,0
o1,wpinAll,mpicc,nas,sp,1,16,1,306.156,0.352,0.185,0
o1,wpinAll,mpicc,nas,sp,1,16,2,296.005,0.349,0.153,0
o1,wpinAll,mpicc,nas,sp,1,16,3,318.891,0.355,0.152,0
o1,wpinAll,mpicc,nas,bt,4,64,1,598.51,0.559,0.217,0
o1,wpinAll,mpicc,nas,bt,4,64,2,609.546,0.558,0.197,0
o1,wpinAll,mpicc,nas,bt,4,64,3,519.232,0.561,0.184,0
o1,wpinAll,mpicc,nas,cg,4,64,1,705.736,0.567,0.224,0
o1,wpinAll,mpicc,nas,cg,4,64,2,745.265,0.54,0.216,0
o1,wpinAll,mpicc,nas,cg,4,64,3,530.329,0.548,0.208,0
o1,wpinAll,mpicc,nas,ep,4,64,1,111.769,0.551,0.215,0
o1,wpinAll,mpicc,nas,ep,4,64,2,117.17,0.544,0.175,0
o1,wpinAll,mpicc,nas,ep,4,64,3,123.907,0.552,0.183,0
o1,wpinAll,mpicc,nas,ft,4,64,1,124.896,0.583,0.191,0
o1,wpinAll,mpicc,nas,ft,4,64,2,158.033,0.546,0.184,0
o1,wpinAll,mpicc,nas,ft,4,64,3,149.782,0.575,0.183,0
o1,wpinAll,mpicc,nas,is,4,64,1,28.98,0.557,0.195,0
o1,wpinAll,mpicc,nas,is,4,64,2,30.386,0.562,0.173,0
o1,wpinAll,mpicc,nas,is,4,64,3,55.226,0.57,0.169,0
o1,wpinAll,mpicc,nas,lu,4,64,1,290.003,0.55,0.184,0
o1,wpinAll,mpicc,nas,lu,4,64,2,307.709,0.552,0.18,0
o1,wpinAll,mpicc,nas,lu,4,64,3,323.798,0.56,0.178,0
o1,wpinAll,mpicc,nas,mg,4,64,1,135.554,0.56,0.215,0
o1,wpinAll,mpicc,nas,mg,4,64,2,200.156,0.55,0.185,0
o1,wpinAll,mpicc,nas,mg,4,64,3,191.676,0.534,0.204,0
o1,wpinAll,mpicc,nas,sp,4,64,1,687.309,0.553,0.228,0
o1,wpinAll,mpicc,nas,sp,4,64,2,554.22,0.554,0.196,0
o1,wpinAll,mpicc,nas,sp,4,64,3,467.31,0.56,0.187,0
o1,wpinAll,mpicc,nas,bt,16,256,1,748.044,1.304,0.399,0
o1,wpinAll,mpicc,nas,bt,16,256,2,763.643,1.302,0.358,0
o1,wpinAll,mpicc,nas,bt,16,256,3,534.349,1.298,0.361,0
o1,wpinAll,mpicc,nas,cg,16,256,1,607.289,1.298,0.385,0
o1,wpinAll,mpicc,nas,cg,16,256,2,1585.962,1.336,0.32,0
o1,wpinAll,mpicc,nas,cg,16,256,3,936.037,1.29,0.44,0
o1,wpinAll,mpicc,nas,ep,16,256,1,50.14,1.325,0.326,0
o1,wpinAll,mpicc,nas,ep,16,256,2,38.319,1.315,0.319,0
o1,wpinAll,mpicc,nas,ep,16,256,3,44.267,1.306,0.34,0
o1,wpinAll,mpicc,nas,ft,16,256,1,405.209,1.289,0.422,0
o1,wpinAll,mpicc,nas,ft,16,256,2,376.548,1.296,0.383,0
o1,wpinAll,mpicc,nas,ft,16,256,3,341.789,1.281,0.408,0
o1,wpinAll,mpicc,nas,is,16,256,1,176.389,1.302,0.349,0
o1,wpinAll,mpicc,nas,is,16,256,2,146.861,1.3,0.341,0
o1,wpinAll,mpicc,nas,is,16,256,3,184.283,1.303,0.346,0
o1,wpinAll,mpicc,nas,lu,16,256,1,556.725,1.326,0.348,0
o1,wpinAll,mpicc,nas,lu,16,256,2,770.963,1.3,0.352,0
o1,wpinAll,mpicc,nas,lu,16,256,3,703.024,1.291,0.376,0
o1,wpinAll,mpicc,nas,mg,16,256,1,249.034,1.332,0.321,0
o1,wpinAll,mpicc,nas,mg,16,256,2,253.056,1.314,0.329,0
o1,wpinAll,mpicc,nas,mg,16,256,3,270.797,1.301,0.351,0
o1,wpinAll,mpicc,nas,sp,16,256,1,1334.43,1.277,0.434,0
o1,wpinAll,mpicc,nas,sp,16,256,2,860.373,1.274,0.417,0
o1,wpinAll,mpicc,nas,sp,16,256,3,564.392,1.325,0.367,0
o1,wpinAll,mpicc,nas,bt,64,1024,1,333.234,4.375,0.92,1665673452
o1,wpinAll,mpicc,nas,bt,64,1024,2,336.541,4.395,0.846,1695443379
o1,wpinAll,mpicc,nas,bt,64,1024,3,331.176,4.353,1.042,1630130312
o1,wpinAll,mpicc,nas,cg,64,1024,1,2062.343,4.288,0.866,10465371941
o1,wpinAll,mpicc,nas,cg,64,1024,2,1635.968,4.356,0.854,8594866608
o1,wpinAll,mpicc,nas,cg,64,1024,3,1525.096,4.377,1.047,7957585155
o1,wpinAll,mpicc,nas,ep,64,1024,1,23.957,4.323,0.906,60895966.98
o1,wpinAll,mpicc,nas,ep,64,1024,2,23.957,4.323,0.906,60895966.98
o1,wpinAll,mpicc,nas,ep,64,1024,3,24.178,4.335,0.903,65610961.16
o1,wpinAll,mpicc,nas,ft,64,1024,1,205.105,4.373,1.129,984713951.2
o1,wpinAll,mpicc,nas,ft,64,1024,2,234.424,4.288,1.162,1118308757
o1,wpinAll,mpicc,nas,ft,64,1024,3,229.563,4.345,0.996,1165596626
o1,wpinAll,mpicc,nas,is,64,1024,1,387.671,4.367,1.026,1933625964
o1,wpinAll,mpicc,nas,is,64,1024,2,543.499,4.407,1.107,2437927960
o1,wpinAll,mpicc,nas,is,64,1024,3,653.412,4.394,1.106,2850364719
o1,wpinAll,mpicc,nas,lu,64,1024,1,2000.83,4.287,0.853,9826043295
o1,wpinAll,mpicc,nas,lu,64,1024,2,2012.83,4.287,0.853,9123043291
o1,wpinAll,mpicc,nas,lu,64,1024,3,1981.83,4.287,0.853,9626043236
o1,wpinAll,mpicc,nas,mg,64,1024,1,141.101,4.304,0.89,701229139.3
o1,wpinAll,mpicc,nas,mg,64,1024,2,141.101,4.304,0.89,701229139.3
o1,wpinAll,mpicc,nas,mg,64,1024,3,143.691,4.326,1.149,683620785.7
o1,wpinAll,mpicc,nas,sp,64,1024,1,1300.31,4.318,0.989,6678996452
o1,wpinAll,mpicc,nas,sp,64,1024,2,1504.313,4.387,0.852,7524052037
o1,wpinAll,mpicc,nas,sp,64,1024,3,1500.874,4.399,1.026,7460751090
